"imdb_url","season","episode_number_relative","episode_number_absolute","title","airdate","rating","reviews_amount"
"https://www.imdb.com/title/tt0348034/?ref_=ttep_ep1 ","1","1","1","Simpsons Roasting on an Open Fire","1994-06-23","81","7800"
"https://www.imdb.com/title/tt0756593/?ref_=ttep_ep2 ","1","2","2","Bart the Genius","1990-01-14","77","5200"
"https://www.imdb.com/title/tt0701124/?ref_=ttep_ep3","1","3","3","Homer's Odyssey","1990-01-21","73","4600"
"https://www.imdb.com/title/tt0756399/?ref_=ttep_ep4","1","4","4","There's No Disgrace Like Home","1990-01-28","77","4500"
"https://www.imdb.com/title/tt0701059/?ref_=ttep_ep5","1","5","5","Bart the General","1990-02-04","79","4900"
"https://www.imdb.com/title/tt0701178/?ref_=ttep_ep6","1","6","6","Moaning Lisa","1990-02-11","76","4400"
"https://www.imdb.com/title/tt0701228/?ref_=ttep_ep7","1","7","7","The Call of the Simpsons","1990-02-18","77","4300"
"https://www.imdb.com/title/tt0756398/?ref_=ttep_ep8","1","8","8","The Telltale Head","1990-02-25","76","4100"
"https://www.imdb.com/title/tt0701152/?ref_=ttep_ep9","1","9","9","Life on the Fast Lane","1990-03-18","74","4100"
"https://www.imdb.com/title/tt0701123/?ref_=ttep_ep10","1","10","10","Homer's Night Out","1990-03-25","73","3900"
"https://www.imdb.com/title/tt0701232/?ref_=ttep_ep11","1","11","11","The Crepes of Wrath","1990-04-15","78","4000"
"https://www.imdb.com/title/tt0701147/?ref_=ttep_ep12","1","12","12","Krusty Gets Busted","1990-04-29","83","4400"
"https://www.imdb.com/title/tt0701215/?ref_=ttep_ep13","1","13","13","Some Enchanted Evening","1990-05-13","77","4300"
"https://www.imdb.com/title/tt0763024/?ref_=ttep_ep1","2","1","14","Bart Gets an F","1990-10-11","82","4400"
"https://www.imdb.com/title/tt0701211/?ref_=ttep_ep2","2","2","15","Simpson and Delilah","1990-10-18","82","4500"
"https://www.imdb.com/title/tt0701278/?ref_=ttep_ep3","2","3","16","Treehouse of Horror","1990-10-25","82","4700"
"https://www.imdb.com/title/tt0757023/?ref_=ttep_ep4","2","4","17","Two Cars in Every Garage and Three Eyes on Every Fish","1990-11-01","80","3800"
"https://www.imdb.com/title/tt0701084/?ref_=ttep_ep5","2","5","18","Dancin' Homer","1990-11-08","74","3600"
"https://www.imdb.com/title/tt0767442/?ref_=ttep_ep6","2","6","19","Dead Putting Society","1990-11-15","79","3600"
"https://www.imdb.com/title/tt0701062/?ref_=ttep_ep7","2","7","20","Bart vs. Thanksgiving","1990-11-22","77","3500"
"https://www.imdb.com/title/tt0767438/?ref_=ttep_ep8","2","8","21","Bart the Daredevil","1990-12-06","83","3900"
"https://www.imdb.com/title/tt0701140/?ref_=ttep_ep9","2","9","22","Itchy & Scratchy & Marge","1990-12-20","81","3900"
"https://www.imdb.com/title/tt0757017/?ref_=ttep_ep10","2","10","23","Bart Gets Hit by a Car","1991-01-10","78","3500"
"https://www.imdb.com/title/tt0701195/?ref_=ttep_ep11","2","11","24","One Fish, Two Fish, Blowfish, Blue Fish","1991-01-24","88","4700"
"https://www.imdb.com/title/tt0701269/?ref_=ttep_ep12","2","12","25","The Way We Was","1991-01-31","82","3600"
"https://www.imdb.com/title/tt0767443/?ref_=ttep_ep13","2","13","26","Homer vs. Lisa and the 8th Commandment","1991-02-07","80","3400"
"https://www.imdb.com/title/tt0767445/?ref_=ttep_ep14","2","14","27","Principal Charming","1991-02-14","74","3300"
"https://www.imdb.com/title/tt0701191/?ref_=ttep_ep15","2","15","28","Oh Brother, Where Art Thou?","1991-02-21","83","3700"
"https://www.imdb.com/title/tt0701063/?ref_=ttep_ep16","2","16","29","Bart's Dog Gets an F","1991-03-07","74","3200"
"https://www.imdb.com/title/tt0701192/?ref_=ttep_ep17","2","17","30","Old Money","1991-03-28","76","3200"
"https://www.imdb.com/title/tt0701077/?ref_=ttep_ep18","2","18","31","Brush with Greatness","1991-04-11","79","3300"
"https://www.imdb.com/title/tt0701164/?ref_=ttep_ep19","2","19","32","Lisa's Substitute","1991-04-25","85","4400"
"https://www.imdb.com/title/tt0766140/?ref_=ttep_ep20","2","20","33","The War of the Simpsons","1991-05-02","78","3200"
"https://www.imdb.com/title/tt0701275/?ref_=ttep_ep21","2","21","34","Three Men and a Comic Book","1991-05-09","83","3800"
"https://www.imdb.com/title/tt0767440/?ref_=ttep_ep22","2","22","35","Blood Feud","1991-07-11","78","3100"
"https://www.imdb.com/title/tt0701217/?ref_=ttep_ep1","3","1","36","Stark Raving Dad","1991-09-19","86","4500"
"https://www.imdb.com/title/tt0701183/?ref_=ttep_ep2","3","2","37","Mr. Lisa Goes to Washington","1991-09-26","77","3300"
"https://www.imdb.com/title/tt0763042/?ref_=ttep_ep3","3","3","38","When Flanders Failed","1991-10-03","82","3500"
"https://www.imdb.com/title/tt0701060/?ref_=ttep_ep4","3","4","39","Bart the Murderer","1991-10-10","86","4100"
"https://www.imdb.com/title/tt0701110/?ref_=ttep_ep5","3","5","40","Homer Defined","1991-10-17","84","3900"
"https://www.imdb.com/title/tt0701153/?ref_=ttep_ep6","3","6","41","Like Father, Like Clown","1991-10-24","76","3200"
"https://www.imdb.com/title/tt0759267/?ref_=ttep_ep7","3","7","42","Treehouse of Horror II","1991-10-31","82","3700"
"https://www.imdb.com/title/tt0701161/?ref_=ttep_ep8","3","8","43","Lisa's Pony","1991-11-07","79","3200"
"https://www.imdb.com/title/tt0768558/?ref_=ttep_ep9","3","9","44","Saturdays of Thunder","1991-11-14","79","3100"
"https://www.imdb.com/title/tt0701098/?ref_=ttep_ep10","3","10","45","Flaming Moe's","1991-11-21","88","4100"
"https://www.imdb.com/title/tt0769743/?ref_=ttep_ep11","3","11","46","Burns Verkaufen der Kraftwerk","1991-12-05","82","3200"
"https://www.imdb.com/title/tt0768556/?ref_=ttep_ep12","3","12","47","I Married Marge","1991-12-26","83","3100"
"https://www.imdb.com/title/tt0701200/?ref_=ttep_ep13","3","13","48","Radio Bart","1992-01-09","85","3500"
"https://www.imdb.com/title/tt0768557/?ref_=ttep_ep14","3","14","49","Lisa the Greek","1992-01-23","80","3000"
"https://www.imdb.com/title/tt0768555/?ref_=ttep_ep15","3","15","50","Homer Alone","1992-02-06","80","3000"
"https://www.imdb.com/title/tt0768553/?ref_=ttep_ep16","3","16","51","Bart the Lover","1992-02-13","83","3500"
"https://www.imdb.com/title/tt0701114/?ref_=ttep_ep17","3","17","52","Homer at the Bat","1992-02-20","87","4200"
"https://www.imdb.com/title/tt0701204/?ref_=ttep_ep18","3","18","53","Separate Vocations","1992-02-27","82","3000"
"https://www.imdb.com/title/tt0768554/?ref_=ttep_ep19","3","19","54","Dog of Death","1992-03-12","77","2900"
"https://www.imdb.com/title/tt0701082/?ref_=ttep_ep20","3","20","55","Colonel Homer","1992-03-26","80","3200"
"https://www.imdb.com/title/tt0701070/?ref_=ttep_ep21","3","21","56","Black Widower","1992-04-09","83","3100"
"https://www.imdb.com/title/tt0701254/?ref_=ttep_ep22","3","22","57","The Otto Show","1992-04-23","77","3000"
"https://www.imdb.com/title/tt0701064/?ref_=ttep_ep23","3","23","58","Bart's Friend Falls in Love","1992-05-07","77","2900"
"https://www.imdb.com/title/tt0701076/?ref_=ttep_ep24","3","24","59","Brother, Can You Spare Two Dimes?","1992-08-27","82","3100"
"https://www.imdb.com/title/tt0701142/?ref_=ttep_ep1","4","1","60","Kamp Krusty","1992-09-24","85","3600"
"https://www.imdb.com/title/tt0701048/?ref_=ttep_ep2","4","2","61","A Streetcar Named Marge","1992-10-01","81","3300"
"https://www.imdb.com/title/tt0773647/?ref_=ttep_ep3","4","3","62","Homer the Heretic","1992-10-08","89","4700"
"https://www.imdb.com/title/tt0701154/?ref_=ttep_ep4","4","4","63","Lisa the Beauty Queen","1992-10-15","77","3000"
"https://www.imdb.com/title/tt0758368/?ref_=ttep_ep5","4","5","64","Treehouse of Horror III","1992-10-29","84","3600"
"https://www.imdb.com/title/tt0701139/?ref_=ttep_ep6","4","6","65","Itchy & Scratchy: The Movie","1992-11-03","82","3200"
"https://www.imdb.com/title/tt0701169/?ref_=ttep_ep7","4","7","66","Marge Gets a Job","1992-11-05","78","2900"
"https://www.imdb.com/title/tt0701189/?ref_=ttep_ep8","4","8","67","New Kid on the Block","1992-11-12","82","3200"
"https://www.imdb.com/title/tt0701184/?ref_=ttep_ep9","4","9","68","Mr. Plow","1992-11-19","88","4100"
"https://www.imdb.com/title/tt0701160/?ref_=ttep_ep10","4","10","69","Lisa's First Word","1992-12-03","87","3500"
"https://www.imdb.com/title/tt0772625/?ref_=ttep_ep11","4","11","70","Homer's Triple Bypass","1992-12-17","86","3800"
"https://www.imdb.com/title/tt0701173/?ref_=ttep_ep12","4","12","71","Marge vs. the Monorail","1993-01-14","91","5100"
"https://www.imdb.com/title/tt0773650/?ref_=ttep_ep13","4","13","72","Selma's Choice","1993-01-21","80","2900"
"https://www.imdb.com/title/tt0764185/?ref_=ttep_ep14","4","14","73","Brother from the Same Planet","1993-02-04","82","3000"
"https://www.imdb.com/title/tt0773648/?ref_=ttep_ep15","4","15","74","I Love Lisa","1993-02-11","84","3200"
"https://www.imdb.com/title/tt0763029/?ref_=ttep_ep16","4","16","75","Duffless","1993-02-18","83","3000"
"https://www.imdb.com/title/tt0701151/?ref_=ttep_ep17","4","17","76","Last Exit to Springfield","1993-03-11","90","4700"
"https://www.imdb.com/title/tt0773651/?ref_=ttep_ep18","4","18","77","So It's Come to This: A Simpsons Clip Show","1993-04-01","70","2700"
"https://www.imdb.com/title/tt0701237/?ref_=ttep_ep19","4","19","78","The Front","1993-04-15","81","2800"
"https://www.imdb.com/title/tt0701292/?ref_=ttep_ep20","4","20","79","Whacking Day","1993-04-29","81","3000"
"https://www.imdb.com/title/tt0701171/?ref_=ttep_ep21","4","21","80","Marge in Chains","1993-05-06","77","2800"
"https://www.imdb.com/title/tt0701148/?ref_=ttep_ep22","4","22","81","Krusty Gets Kancelled","1993-05-13","81","3100"
"https://www.imdb.com/title/tt0701121/?ref_=ttep_ep1","5","1","82","Homer's Barbershop Quartet","1993-09-30","85","3600"
"https://www.imdb.com/title/tt0701080/?ref_=ttep_ep2","5","2","83","Cape Feare","1993-10-07","91","5100"
"https://www.imdb.com/title/tt0773645/?ref_=ttep_ep3","5","3","84","Homer Goes to College","1993-10-14","86","3600"
"https://www.imdb.com/title/tt0701202/?ref_=ttep_ep4","5","4","85","Rosebud","1993-10-21","88","4000"
"https://www.imdb.com/title/tt0701279/?ref_=ttep_ep5","5","5","86","Treehouse of Horror IV","1993-10-28","88","3800"
"https://www.imdb.com/title/tt0701172/?ref_=ttep_ep6","5","6","87","Marge on the Lam","1993-11-04","80","2900"
"https://www.imdb.com/title/tt0701066/?ref_=ttep_ep7","5","7","88","Bart's Inner Child","1993-11-11","76","2700"
"https://www.imdb.com/title/tt0701072/?ref_=ttep_ep8","5","8","89","Boy Scoutz 'n the Hood","1993-11-18","86","3600"
"https://www.imdb.com/title/tt0701246/?ref_=ttep_ep9","5","9","90","The Last Temptation of Homer","1993-12-09","85","3200"
"https://www.imdb.com/title/tt0701040/?ref_=ttep_ep10","5","10","91","$pringfield (Or, How I Learned to Stop Worrying and Love Legalized Gambling)","1993-12-16","86","3300"
"https://www.imdb.com/title/tt0701117/?ref_=ttep_ep11","5","11","92","Homer the Vigilante","1994-01-06","82","3000"
"https://www.imdb.com/title/tt0701055/?ref_=ttep_ep12","5","12","93","Bart Gets Famous","1994-02-03","81","2900"
"https://www.imdb.com/title/tt0701112/?ref_=ttep_ep13","5","13","94","Homer and Apu","1994-02-10","82","2900"
"https://www.imdb.com/title/tt0701159/?ref_=ttep_ep14","5","14","95","Lisa vs. Malibu Stacy","1994-02-17","81","3200"
"https://www.imdb.com/title/tt0701087/?ref_=ttep_ep15","5","15","96","Deep Space Homer","1994-02-24","88","3900"
"https://www.imdb.com/title/tt0773646/?ref_=ttep_ep16","5","16","97","Homer Loves Flanders","1994-03-17","85","3300"
"https://www.imdb.com/title/tt0777148/?ref_=ttep_ep17","5","17","98","Bart Gets an Elephant","1994-03-31","78","2800"
"https://www.imdb.com/title/tt0777149/?ref_=ttep_ep18","5","18","99","Burns' Heir","1994-04-14","83","3200"
"https://www.imdb.com/title/tt0777150/?ref_=ttep_ep19","5","19","100","Sweet Seymour Skinner's Baadasssss Song","1994-04-28","83","3200"
"https://www.imdb.com/title/tt0778453/?ref_=ttep_ep20","5","20","101","The Boy Who Knew Too Much","1994-05-05","83","2800"
"https://www.imdb.com/title/tt0763033/?ref_=ttep_ep21","5","21","102","Lady Bouvier's Lover","1994-05-12","75","2500"
"https://www.imdb.com/title/tt0778452/?ref_=ttep_ep22","5","22","103","Secrets of a Successful Marriage","1994-05-19","80","2700"
"https://www.imdb.com/title/tt0763026/?ref_=ttep_ep1","6","1","104","Bart of Darkness","1994-09-04","87","3500"
"https://www.imdb.com/title/tt0701162/?ref_=ttep_ep2","6","2","105","Lisa's Rival","1994-09-11","81","2900"
"https://www.imdb.com/title/tt0701053/?ref_=ttep_ep3","6","3","106","Another Simpsons Clip Show","1994-09-25","58","2600"
"https://www.imdb.com/title/tt0778449/?ref_=ttep_ep4","6","4","107","Itchy & Scratchy Land","1994-10-02","86","3300"
"https://www.imdb.com/title/tt0701207/?ref_=ttep_ep5","6","5","108","Sideshow Bob Roberts","1994-10-09","82","2900"
"https://www.imdb.com/title/tt0701281/?ref_=ttep_ep6","6","6","109","Treehouse of Horror V","1994-10-30","92","4600"
"https://www.imdb.com/title/tt0701065/?ref_=ttep_ep7","6","7","110","Bart's Girlfriend","1994-11-06","80","2900"
"https://www.imdb.com/title/tt0778450/?ref_=ttep_ep8","6","8","111","Lisa on Ice","1994-11-13","86","3100"
"https://www.imdb.com/title/tt0701109/?ref_=ttep_ep9","6","9","112","Homer Badman","1994-11-27","89","4300"
"https://www.imdb.com/title/tt0778448/?ref_=ttep_ep10","6","10","113","Grampa vs. Sexual Inadequacy","1994-12-04","80","2700"
"https://www.imdb.com/title/tt0701097/?ref_=ttep_ep11","6","11","114","Fear of Flying","1994-12-18","77","2700"
"https://www.imdb.com/title/tt0701115/?ref_=ttep_ep12","6","12","115","Homer the Great","1995-01-08","90","4000"
"https://www.imdb.com/title/tt0757016/?ref_=ttep_ep13","6","13","116","And Maggie Makes Three","1995-01-22","88","3500"
"https://www.imdb.com/title/tt0778447/?ref_=ttep_ep14","6","14","117","Bart's Comet","1995-02-05","87","3100"
"https://www.imdb.com/title/tt0701128/?ref_=ttep_ep15","6","15","118","Homie the Clown","1995-02-12","86","3200"
"https://www.imdb.com/title/tt0778446/?ref_=ttep_ep16","6","16","119","Bart vs. Australia","1995-02-19","85","3300"
"https://www.imdb.com/title/tt0701119/?ref_=ttep_ep17","6","17","120","Homer vs. Patty and Selma","1995-02-26","78","2500"
"https://www.imdb.com/title/tt0701045/?ref_=ttep_ep18","6","18","121","A Star Is Burns","1995-03-05","85","3100"
"https://www.imdb.com/title/tt0701165/?ref_=ttep_ep19","6","19","122","Lisa's Wedding","1995-03-19","83","3000"
"https://www.imdb.com/title/tt0701289/?ref_=ttep_ep20","6","20","123","Two Dozen and One Greyhounds","1995-04-09","81","2700"
"https://www.imdb.com/title/tt0778454/?ref_=ttep_ep21","6","21","124","The PTA Disbands","1995-04-16","80","2600"
"https://www.imdb.com/title/tt0701041/?ref_=ttep_ep22","6","22","125","'Round Springfield","1995-04-30","81","3000"
"https://www.imdb.com/title/tt0778455/?ref_=ttep_ep23","6","23","126","The Springfield Connection","1995-05-07","82","2600"
"https://www.imdb.com/title/tt0757018/?ref_=ttep_ep24","6","24","127","Lemon of Troy","1995-05-14","87","3300"
"https://www.imdb.com/title/tt0701294/?ref_=ttep_ep25","6","25","128","Who Shot Mr. Burns? Part One","1995-05-21","92","4200"
"https://www.imdb.com/title/tt0701295/?ref_=ttep_ep1","7","1","129","Who Shot Mr. Burns? Part Two","1995-09-17","90","3800"
"https://www.imdb.com/title/tt0701201/?ref_=ttep_ep2","7","2","130","Radioactive Man","1995-09-24","83","2900"
"https://www.imdb.com/title/tt0701108/?ref_=ttep_ep3","7","3","131","Home Sweet Home-Dum-Diddly Doodily","1995-10-01","84","2800"
"https://www.imdb.com/title/tt0763025/?ref_=ttep_ep4","7","4","132","Bart Sells His Soul","1995-10-08","88","3800"
"https://www.imdb.com/title/tt0701158/?ref_=ttep_ep5","7","5","133","Lisa the Vegetarian","1995-10-15","85","3500"
"https://www.imdb.com/title/tt0177842/?ref_=ttep_ep6","7","6","134","Treehouse of Horror VI","1995-10-29","86","3300"
"https://www.imdb.com/title/tt0701144/?ref_=ttep_ep7","7","7","135","King Size Homer","1995-11-05","90","4200"
"https://www.imdb.com/title/tt0701182/?ref_=ttep_ep8","7","8","136","Mother Simpson","1995-11-19","87","3100"
"https://www.imdb.com/title/tt0701208/?ref_=ttep_ep9","7","9","137","Sideshow Bob's Last Gleaming","1995-11-26","80","2600"
"https://www.imdb.com/title/tt0701261/?ref_=ttep_ep10","7","10","138","The Simpsons 138th Episode Spectacular!","1995-12-03","74","2500"
"https://www.imdb.com/title/tt0701168/?ref_=ttep_ep11","7","11","139","Marge Be Not Proud","1995-12-17","85","3400"
"https://www.imdb.com/title/tt0779675/?ref_=ttep_ep12","7","12","140","Team Homer","1996-01-07","83","2600"
"https://www.imdb.com/title/tt0779680/?ref_=ttep_ep13","7","13","141","Two Bad Neighbors","1996-01-14","85","3400"
"https://www.imdb.com/title/tt0779674/?ref_=ttep_ep14","7","14","142","Scenes from the Class Struggle in Springfield","1996-02-04","77","2400"
"https://www.imdb.com/title/tt0701058/?ref_=ttep_ep15","7","15","143","Bart the Fink","1996-02-11","76","2400"
"https://www.imdb.com/title/tt0701155/?ref_=ttep_ep16","7","16","144","Lisa the Iconoclast","1996-02-18","81","2600"
"https://www.imdb.com/title/tt0779667/?ref_=ttep_ep17","7","17","145","Homer the Smithers","1996-02-25","88","3800"
"https://www.imdb.com/title/tt0701234/?ref_=ttep_ep18","7","18","146","The Day the Violence Died","1996-03-17","80","2500"
"https://www.imdb.com/title/tt0701043/?ref_=ttep_ep19","7","19","147","A Fish Called Selma","1996-03-24","82","3000"
"https://www.imdb.com/title/tt0701057/?ref_=ttep_ep20","7","20","148","Bart on the Road","1996-03-31","86","3300"
"https://www.imdb.com/title/tt0701186/?ref_=ttep_ep21","7","21","149","22 Short Films About Springfield","1996-04-14","89","3700"
"https://www.imdb.com/title/tt0778451/?ref_=ttep_ep22","7","22","150","Raging Abe Simpson and His Grumbling Grandson in 'The Curse of the Flying Hellfish'","1996-04-28","85","2800"
"https://www.imdb.com/title/tt0774432/?ref_=ttep_ep23","7","23","151","Much Apu About Nothing","1996-05-05","81","2500"
"https://www.imdb.com/title/tt0701127/?ref_=ttep_ep24","7","24","152","Homerpalooza","1996-05-19","79","2600"
"https://www.imdb.com/title/tt0701219/?ref_=ttep_ep25","7","25","153","Summer of 4'2""","1996-05-19","84","2800"
"https://www.imdb.com/title/tt0779678/?ref_=ttep_ep1","8","1","154","Treehouse of Horror VII","1996-10-27","85","3100"
"https://www.imdb.com/title/tt0701298/?ref_=ttep_ep2","8","2","155","You Only Move Twice","1996-11-03","92","5800"
"https://www.imdb.com/title/tt0701243/?ref_=ttep_ep3","8","3","156","The Homer They Fall","1996-11-10","81","2600"
"https://www.imdb.com/title/tt0701078/?ref_=ttep_ep4","8","4","157","Burns, Baby Burns","1996-11-17","76","2600"
"https://www.imdb.com/title/tt0763023/?ref_=ttep_ep5","8","5","158","Bart After Dark","1996-11-24","83","2700"
"https://www.imdb.com/title/tt0779664/?ref_=ttep_ep6","8","6","159","A Milhouse Divided","1996-12-01","81","2600"
"https://www.imdb.com/title/tt0779669/?ref_=ttep_ep7","8","7","160","Lisa's Date with Density","1996-12-15","78","2500"
"https://www.imdb.com/title/tt0701131/?ref_=ttep_ep8","8","8","161","Hurricane Neddy","1996-12-29","87","3500"
"https://www.imdb.com/title/tt0701094/?ref_=ttep_ep9","8","9","162","El Viaje Misterioso de Nuestro Jomer","1997-01-05","86","3500"
"https://www.imdb.com/title/tt0701263/?ref_=ttep_ep10","8","10","163","The Springfield Files","1997-01-12","90","4300"
"https://www.imdb.com/title/tt0701266/?ref_=ttep_ep11","8","11","164","The Twisted World of Marge Simpson","1997-01-19","77","2400"
"https://www.imdb.com/title/tt0779671/?ref_=ttep_ep12","8","12","165","Mountain of Madness","1997-02-02","85","3200"
"https://www.imdb.com/title/tt0757021/?ref_=ttep_ep13","8","13","166","Simpsoncalifragilisticexpiala(Annoyed Grunt)cious","1997-02-07","76","2700"
"https://www.imdb.com/title/tt0701245/?ref_=ttep_ep14","8","14","167","The Itchy & Scratchy & Poochie Show","1997-02-07","79","2600"
"https://www.imdb.com/title/tt0701126/?ref_=ttep_ep15","8","15","168","Homer's Phobia","1997-02-16","88","4000"
"https://www.imdb.com/title/tt0701227/?ref_=ttep_ep16","8","16","169","Brother from Another Series","1997-02-23","82","2700"
"https://www.imdb.com/title/tt0779672/?ref_=ttep_ep17","8","17","170","My Sister, My Sitter","1997-03-02","79","2800"
"https://www.imdb.com/title/tt0701120/?ref_=ttep_ep18","8","18","171","Homer vs. the 18th Amendment","1997-03-16","88","3200"
"https://www.imdb.com/title/tt0779666/?ref_=ttep_ep19","8","19","172","Grade School Confidential","1997-04-06","82","2800"
"https://www.imdb.com/title/tt0701229/?ref_=ttep_ep20","8","20","173","The Canine Mutiny","1997-04-13","76","2300"
"https://www.imdb.com/title/tt0701253/?ref_=ttep_ep21","8","21","174","The Old Man and the Lisa","1997-04-20","79","2400"
"https://www.imdb.com/title/tt0701136/?ref_=ttep_ep22","8","22","175","In Marge We Trust","1997-04-27","81","2500"
"https://www.imdb.com/title/tt0701122/?ref_=ttep_ep23","8","23","176","Homer's Enemy","1997-05-04","93","6100"
"https://www.imdb.com/title/tt0701262/?ref_=ttep_ep24","8","24","177","The Simpsons Spin-Off Showcase","1997-05-11","71","2400"
"https://www.imdb.com/title/tt0701259/?ref_=ttep_ep25","8","25","178","The Secret War of Lisa Simpson","1997-05-18","78","2400"
"https://www.imdb.com/title/tt0701230/?ref_=ttep_ep1","9","1","179","The City of New York vs. Homer Simpson","1997-09-21","90","4600"
"https://www.imdb.com/title/tt0701257/?ref_=ttep_ep2","9","2","180","The Principal and the Pauper","1997-09-28","69","3200"
"https://www.imdb.com/title/tt0701163/?ref_=ttep_ep3","9","3","181","Lisa's Sax","1997-10-19","81","2400"
"https://www.imdb.com/title/tt0779679/?ref_=ttep_ep4","9","4","182","Treehouse of Horror VIII","1997-10-26","82","2600"
"https://www.imdb.com/title/tt0763039/?ref_=ttep_ep5","9","5","183","The Cartridge Family","1997-11-02","82","2600"
"https://www.imdb.com/title/tt0701056/?ref_=ttep_ep6","9","6","184","Bart Star","1997-11-09","77","2200"
"https://www.imdb.com/title/tt0701267/?ref_=ttep_ep7","9","7","185","The Two Mrs. Nahasapeemapetilons","1997-11-16","77","2200"
"https://www.imdb.com/title/tt0701156/?ref_=ttep_ep8","9","8","186","Lisa the Skeptic","1997-11-23","81","2400"
"https://www.imdb.com/title/tt0779673/?ref_=ttep_ep9","9","9","187","Realty Bites","1997-12-07","76","2100"
"https://www.imdb.com/title/tt0701176/?ref_=ttep_ep10","9","10","188","Miracle on Evergreen Terrace","1997-12-21","76","2400"
"https://www.imdb.com/title/tt0701050/?ref_=ttep_ep11","9","11","189","All Singing, All Dancing","1998-01-04","50","2500"
"https://www.imdb.com/title/tt0701054/?ref_=ttep_ep12","9","12","190","Bart Carny","1998-01-11","76","2200"
"https://www.imdb.com/title/tt0779676/?ref_=ttep_ep13","9","13","191","The Joy of Sect","1998-02-08","83","2500"
"https://www.imdb.com/title/tt0701085/?ref_=ttep_ep14","9","14","192","Das Bus","1998-02-15","82","2400"
"https://www.imdb.com/title/tt0701247/?ref_=ttep_ep15","9","15","193","The Last Temptation of Krust","1998-02-22","74","2100"
"https://www.imdb.com/title/tt0701091/?ref_=ttep_ep16","9","16","194","Dumbbell Indemnity","1998-03-01","76","2100"
"https://www.imdb.com/title/tt0779668/?ref_=ttep_ep17","9","17","195","Lisa the Simpson","1998-03-08","80","2400"
"https://www.imdb.com/title/tt0779677/?ref_=ttep_ep18","9","18","196","This Little Wiggy","1998-03-22","78","2200"
"https://www.imdb.com/title/tt0701210/?ref_=ttep_ep19","9","19","197","Simpson Tide","1998-03-29","81","2700"
"https://www.imdb.com/title/tt0701265/?ref_=ttep_ep20","9","20","198","The Trouble with Trillions","1998-04-05","78","2500"
"https://www.imdb.com/title/tt0779665/?ref_=ttep_ep21","9","21","199","Girly Edition","1998-04-19","78","2100"
"https://www.imdb.com/title/tt0701277/?ref_=ttep_ep22","9","22","200","Trash of the Titans","1998-04-26","84","2900"
"https://www.imdb.com/title/tt0701145/?ref_=ttep_ep23","9","23","201","King of the Hill","1998-05-03","82","2600"
"https://www.imdb.com/title/tt0779670/?ref_=ttep_ep24","9","24","202","Lost Our Lisa","1998-05-10","77","2100"
"https://www.imdb.com/title/tt0763037/?ref_=ttep_ep25","9","25","203","Natural Born Kissers","1998-05-17","80","2200"
"https://www.imdb.com/title/tt0701149/?ref_=ttep_ep1","10","1","204","Lard of the Dance","1998-08-23","76","2200"
"https://www.imdb.com/title/tt0701270/?ref_=ttep_ep2","10","2","205","The Wizard of Evergreen Terrace","1998-09-20","81","2700"
"https://www.imdb.com/title/tt0781977/?ref_=ttep_ep3","10","3","206","Bart the Mother","1998-09-27","76","2100"
"https://www.imdb.com/title/tt0701280/?ref_=ttep_ep4","10","4","207","Treehouse of Horror IX","1998-10-25","80","2500"
"https://www.imdb.com/title/tt0701293/?ref_=ttep_ep5","10","5","208","When You Dish Upon a Star","1998-11-08","72","2100"
"https://www.imdb.com/title/tt0701083/?ref_=ttep_ep6","10","6","209","D'oh-in' in the Wind","1998-11-15","75","2100"
"https://www.imdb.com/title/tt0769412/?ref_=ttep_ep7","10","7","210","Lisa Gets an 'A'","1998-11-22","81","2200"
"https://www.imdb.com/title/tt0769411/?ref_=ttep_ep8","10","8","211","Homer Simpson in: 'Kidney Trouble'","1998-12-06","73","2000"
"https://www.imdb.com/title/tt0701174/?ref_=ttep_ep9","10","9","212","Mayored to the Mob","1998-12-20","81","2600"
"https://www.imdb.com/title/tt0701290/?ref_=ttep_ep10","10","10","213","Viva Ned Flanders","1999-01-10","78","2200"
"https://www.imdb.com/title/tt0701296/?ref_=ttep_ep11","10","11","214","Wild Barts Can't Be Broken","1999-01-17","77","2100"
"https://www.imdb.com/title/tt0701220/?ref_=ttep_ep12","10","12","215","Sunday, Cruddy Sunday","1999-01-31","70","2200"
"https://www.imdb.com/title/tt0701118/?ref_=ttep_ep13","10","13","216","Homer to the Max","1999-02-07","77","2100"
"https://www.imdb.com/title/tt0701135/?ref_=ttep_ep14","10","14","217","I'm with Cupid","1999-02-14","73","1900"
"https://www.imdb.com/title/tt0701170/?ref_=ttep_ep15","10","15","218","Marge Simpson in: 'Screaming Yellow Honkers'","1999-02-21","73","1900"
"https://www.imdb.com/title/tt0781978/?ref_=ttep_ep16","10","16","219","Make Room for Lisa","1999-02-28","75","1900"
"https://www.imdb.com/title/tt0781979/?ref_=ttep_ep17","10","17","220","Maximum Homerdrive","1999-03-28","77","2000"
"https://www.imdb.com/title/tt0781980/?ref_=ttep_ep18","10","18","221","Simpsons Bible Stories","1999-04-04","73","2000"
"https://www.imdb.com/title/tt0701180/?ref_=ttep_ep19","10","19","222","Mom and Pop Art","1999-04-11","76","2100"
"https://www.imdb.com/title/tt0701251/?ref_=ttep_ep20","10","20","223","The Old Man and the 'C' Student","1999-04-25","73","1800"
"https://www.imdb.com/title/tt0701181/?ref_=ttep_ep21","10","21","224","Monty Can't Buy Me Love","1999-05-02","71","1900"
"https://www.imdb.com/title/tt0701272/?ref_=ttep_ep22","10","22","225","They Saved Lisa's Brain","1999-05-09","73","1900"
"https://www.imdb.com/title/tt0701273/?ref_=ttep_ep23","10","23","226","Thirty Minutes Over Tokyo","1999-05-16","80","2300"
"https://www.imdb.com/title/tt0701069/?ref_=ttep_ep1","11","1","227","Beyond Blunderdome","1999-09-26","73","2100"
"https://www.imdb.com/title/tt0701075/?ref_=ttep_ep2","11","2","228","Brother's Little Helper","1999-10-03","75","1900"
"https://www.imdb.com/title/tt0701102/?ref_=ttep_ep3","11","3","229","Guess Who's Coming to Criticize Dinner?","1999-10-24","76","1900"
"https://www.imdb.com/title/tt0701283/?ref_=ttep_ep4","11","4","230","Treehouse of Horror X","1999-10-31","78","2200"
"https://www.imdb.com/title/tt0701092/?ref_=ttep_ep5","11","5","231","E-I-E-I-(Annoyed Grunt)","1999-11-07","78","2000"
"https://www.imdb.com/title/tt0701105/?ref_=ttep_ep6","11","6","232","Hello Gutter, Hello Fadder","1999-11-14","73","1700"
"https://www.imdb.com/title/tt0701093/?ref_=ttep_ep7","11","7","233","Eight Misbehavin'","1999-11-21","70","1800"
"https://www.imdb.com/title/tt0701222/?ref_=ttep_ep8","11","8","234","Take My Wife, Sleaze","1999-11-28","71","1800"
"https://www.imdb.com/title/tt0701101/?ref_=ttep_ep9","11","9","235","Grift of the Magi","1999-12-19","73","1900"
"https://www.imdb.com/title/tt0701166/?ref_=ttep_ep10","11","10","236","Little Big Mom","2000-01-09","74","1700"
"https://www.imdb.com/title/tt0701095/?ref_=ttep_ep11","11","11","237","Faith Off","2000-01-16","68","1800"
"https://www.imdb.com/title/tt0701250/?ref_=ttep_ep12","11","12","238","The Mansion Family","2000-01-23","73","1700"
"https://www.imdb.com/title/tt0701203/?ref_=ttep_ep13","11","13","239","Saddlesore Galactica","2000-02-06","65","2000"
"https://www.imdb.com/title/tt0701052/?ref_=ttep_ep14","11","14","240","Alone Again, Natura-Diddly","2000-02-13","77","2400"
"https://www.imdb.com/title/tt0701177/?ref_=ttep_ep15","11","15","241","Missionary: Impossible","2000-02-20","73","1800"
"https://www.imdb.com/title/tt0767446/?ref_=ttep_ep16","11","16","242","Pygmoelian","2000-02-27","73","1700"
"https://www.imdb.com/title/tt0767439/?ref_=ttep_ep17","11","17","243","Bart to the Future","2000-03-19","71","1900"
"https://www.imdb.com/title/tt0767441/?ref_=ttep_ep18","11","18","244","Days of Wine and D'oh'ses","2000-04-09","74","1700"
"https://www.imdb.com/title/tt0701143/?ref_=ttep_ep19","11","19","245","Kill the Alligator and Run","2000-04-30","66","1900"
"https://www.imdb.com/title/tt0767444/?ref_=ttep_ep20","11","20","246","Last Tap Dance in Springfield","2000-05-07","71","1700"
"https://www.imdb.com/title/tt0701138/?ref_=ttep_ep21","11","21","247","It's a Mad, Mad, Mad, Mad Marge","2000-05-14","72","1800"
"https://www.imdb.com/title/tt0701068/?ref_=ttep_ep22","11","22","248","Behind the Laughter","2000-05-21","79","2200"
"https://www.imdb.com/title/tt0763040/?ref_=ttep_ep1","12","1","249","Treehouse of Horror XI","2000-11-01","76","2100"
"https://www.imdb.com/title/tt0701049/?ref_=ttep_ep2","12","2","250","A Tale of Two Springfields","2000-11-05","74","1900"
"https://www.imdb.com/title/tt0701137/?ref_=ttep_ep3","12","3","251","Insane Clown Poppy","2000-11-12","70","1800"
"https://www.imdb.com/title/tt0701157/?ref_=ttep_ep4","12","4","252","Lisa the Treehugger","2000-11-19","72","1800"
"https://www.imdb.com/title/tt0763031/?ref_=ttep_ep5","12","5","253","Homer vs. Dignity","2000-11-26","70","1800"
"https://www.imdb.com/title/tt0701231/?ref_=ttep_ep6","12","6","254","The Computer Wore Menace Shoes","2000-12-03","77","1900"
"https://www.imdb.com/title/tt0701241/?ref_=ttep_ep7","12","7","255","The Great Money Caper","2000-12-10","73","1800"
"https://www.imdb.com/title/tt0762498/?ref_=ttep_ep8","12","8","256","Skinner's Sense of Snow","2000-12-17","79","2400"
"https://www.imdb.com/title/tt0762497/?ref_=ttep_ep9","12","9","257","HOMR","2001-01-07","81","2200"
"https://www.imdb.com/title/tt0701197/?ref_=ttep_ep10","12","10","258","Pokey Mom","2001-01-14","71","2100"
"https://www.imdb.com/title/tt0701297/?ref_=ttep_ep11","12","11","259","Worst Episode Ever","2001-02-04","74","1800"
"https://www.imdb.com/title/tt0701223/?ref_=ttep_ep12","12","12","260","Tennis the Menace","2001-02-11","68","1800"
"https://www.imdb.com/title/tt0701086/?ref_=ttep_ep13","12","13","261","Day of the Jackanapes","2001-02-18","71","1600"
"https://www.imdb.com/title/tt0701190/?ref_=ttep_ep14","12","14","262","New Kids on the Blecch","2001-02-25","72","1900"
"https://www.imdb.com/title/tt0701130/?ref_=ttep_ep15","12","15","263","Hungry Hungry Homer","2001-03-04","75","1800"
"https://www.imdb.com/title/tt0701079/?ref_=ttep_ep16","12","16","264","Bye Bye Nerdy","2001-03-11","67","1700"
"https://www.imdb.com/title/tt0701213/?ref_=ttep_ep17","12","17","265","Simpson Safari","2001-04-01","68","1800"
"https://www.imdb.com/title/tt0701288/?ref_=ttep_ep18","12","18","266","Trilogy of Error","2001-04-29","86","2600"
"https://www.imdb.com/title/tt0701133/?ref_=ttep_ep19","12","19","267","I'm Goin' to Praiseland","2001-05-06","72","2000"
"https://www.imdb.com/title/tt0765966/?ref_=ttep_ep20","12","20","268","Children of a Lesser Clod","2001-05-13","72","1600"
"https://www.imdb.com/title/tt0766139/?ref_=ttep_ep21","12","21","269","Simpsons Tall Tales","2001-05-20","69","1700"
"https://www.imdb.com/title/tt0701284/?ref_=ttep_ep1","13","1","270","Treehouse of Horror XII","2001-11-06","76","2100"
"https://www.imdb.com/title/tt0701255/?ref_=ttep_ep2","13","2","271","The Parent Rap","2001-11-11","71","1700"
"https://www.imdb.com/title/tt0701116/?ref_=ttep_ep3","13","3","272","Homer the Moe","2001-11-18","71","1600"
"https://www.imdb.com/title/tt0701044/?ref_=ttep_ep4","13","4","273","A Hunka Hunka Burns in Love","2001-12-02","71","1600"
"https://www.imdb.com/title/tt0701226/?ref_=ttep_ep5","13","5","274","The Blunder Years","2001-12-09","76","2100"
"https://www.imdb.com/title/tt0701206/?ref_=ttep_ep6","13","6","275","She of Little Faith","2001-12-16","71","1700"
"https://www.imdb.com/title/tt0701074/?ref_=ttep_ep7","13","7","276","Brawl in the Family","2002-01-06","68","1600"
"https://www.imdb.com/title/tt0701221/?ref_=ttep_ep8","13","8","277","Sweets and Sour Marge","2002-01-20","69","1600"
"https://www.imdb.com/title/tt0701141/?ref_=ttep_ep9","13","9","278","Jaws Wired Shut","2002-01-27","73","1600"
"https://www.imdb.com/title/tt0701104/?ref_=ttep_ep10","13","10","279","Half-Decent Proposal","2002-02-10","73","1900"
"https://www.imdb.com/title/tt0701225/?ref_=ttep_ep11","13","11","280","The Bart Wants What It Wants","2002-02-17","70","1500"
"https://www.imdb.com/title/tt0701249/?ref_=ttep_ep12","13","12","281","The Lastest Gun in the West","2002-02-24","65","1600"
"https://www.imdb.com/title/tt0701252/?ref_=ttep_ep13","13","13","282","The Old Man and the Key","2002-03-10","65","1500"
"https://www.imdb.com/title/tt0763038/?ref_=ttep_ep14","13","14","283","Tales from the Public Domain","2002-03-17","72","1500"
"https://www.imdb.com/title/tt0763028/?ref_=ttep_ep15","13","15","284","Blame It on Lisa","2002-03-31","70","1600"
"https://www.imdb.com/title/tt0701291/?ref_=ttep_ep16","13","16","285","Weekend at Burnsie's","2002-04-07","77","1800"
"https://www.imdb.com/title/tt0701103/?ref_=ttep_ep17","13","17","286","Gump Roast","2002-04-21","54","1700"
"https://www.imdb.com/title/tt0701132/?ref_=ttep_ep18","13","18","287","I Am Furious Yellow","2002-04-28","77","1700"
"https://www.imdb.com/title/tt0701264/?ref_=ttep_ep19","13","19","288","The Sweetest Apu","2002-05-05","68","1500"
"https://www.imdb.com/title/tt0701167/?ref_=ttep_ep20","13","20","289","Little Girl in the Big Ten","2002-05-12","71","1500"
"https://www.imdb.com/title/tt0701238/?ref_=ttep_ep21","13","21","290","The Frying Game","2002-05-19","70","1500"
"https://www.imdb.com/title/tt0701196/?ref_=ttep_ep22","13","22","291","Papa's Got a Brand New Badge","2002-05-22","78","2200"
"https://www.imdb.com/title/tt0763041/?ref_=ttep_ep1","14","1","292","Treehouse of Horror XIII","2002-11-03","76","1900"
"https://www.imdb.com/title/tt0701129/?ref_=ttep_ep2","14","2","293","How I Spent My Strummer Vacation","2002-11-10","74","1700"
"https://www.imdb.com/title/tt0701061/?ref_=ttep_ep3","14","3","294","Bart vs. Lisa vs. 3rd Grade","2002-11-17","71","1600"
"https://www.imdb.com/title/tt0701150/?ref_=ttep_ep4","14","4","295","Large Marge","2002-11-24","71","1700"
"https://www.imdb.com/title/tt0701106/?ref_=ttep_ep5","14","5","296","Helter Shelter","2002-12-01","67","1600"
"https://www.imdb.com/title/tt0701240/?ref_=ttep_ep6","14","6","297","The Great Louse Detective","2002-12-15","73","1600"
"https://www.imdb.com/title/tt0701216/?ref_=ttep_ep7","14","7","298","Special Edna","2003-01-05","70","1600"
"https://www.imdb.com/title/tt0701233/?ref_=ttep_ep8","14","8","299","The Dad Who Knew Too Little","2003-01-12","73","1500"
"https://www.imdb.com/title/tt0701218/?ref_=ttep_ep9","14","9","300","The Strong Arms of the Ma","2003-02-02","68","1600"
"https://www.imdb.com/title/tt0701199/?ref_=ttep_ep10","14","10","301","Pray Anything","2003-02-09","68","1500"
"https://www.imdb.com/title/tt0701067/?ref_=ttep_ep11","14","11","302","Barting Over","2003-02-16","67","1600"
"https://www.imdb.com/title/tt0701134/?ref_=ttep_ep12","14","12","303","I'm Spelling as Fast as I Can","2003-02-16","72","1500"
"https://www.imdb.com/title/tt0701046/?ref_=ttep_ep13","14","13","304","A Star Is Born Again","2003-03-02","69","1500"
"https://www.imdb.com/title/tt0701185/?ref_=ttep_ep14","14","14","305","Mr. Spritz Goes to Washington","2003-03-09","68","1400"
"https://www.imdb.com/title/tt0793253/?ref_=ttep_ep15","14","15","306","C.E.D'oh","2003-03-16","71","1400"
"https://www.imdb.com/title/tt0701042/?ref_=ttep_ep16","14","16","307","'Scuse Me While I Miss the Sky","2003-03-30","71","1400"
"https://www.imdb.com/title/tt0701274/?ref_=ttep_ep17","14","17","308","Three Gays of the Condo","2003-04-13","72","1500"
"https://www.imdb.com/title/tt0701090/?ref_=ttep_ep18","14","18","309","Dude, Where's My Ranch?","2003-04-27","69","1600"
"https://www.imdb.com/title/tt0701193/?ref_=ttep_ep19","14","19","310","Old Yeller-Belly","2003-05-04","67","1400"
"https://www.imdb.com/title/tt0701073/?ref_=ttep_ep20","14","20","311","Brake My Wife, Please","2003-05-11","67","1400"
"https://www.imdb.com/title/tt0784544/?ref_=ttep_ep21","14","21","312","The Bart of War","2003-05-18","66","1500"
"https://www.imdb.com/title/tt0701179/?ref_=ttep_ep22","14","22","313","Moe Baby Blues","2003-05-18","76","2100"
"https://www.imdb.com/title/tt0701285/?ref_=ttep_ep1","15","1","314","Treehouse of Horror XIV","2003-11-02","75","1900"
"https://www.imdb.com/title/tt0701188/?ref_=ttep_ep2","15","2","315","My Mother the Carjacker","2003-11-09","72","1500"
"https://www.imdb.com/title/tt0701256/?ref_=ttep_ep3","15","3","316","The President Wore Pearls","2003-11-16","69","1600"
"https://www.imdb.com/title/tt0701258/?ref_=ttep_ep4","15","4","317","The Regina Monologues","2003-11-23","70","1600"
"https://www.imdb.com/title/tt0701235/?ref_=ttep_ep5","15","5","318","The Fat and the Furriest","2003-11-30","71","1500"
"https://www.imdb.com/title/tt0701276/?ref_=ttep_ep6","15","6","319","Today, I Am a Clown","2003-12-07","64","1400"
"https://www.imdb.com/title/tt0789632/?ref_=ttep_ep7","15","7","320","'Tis the Fifteenth Season","2003-12-14","71","1500"
"https://www.imdb.com/title/tt0763034/?ref_=ttep_ep8","15","8","321","Marge vs. Singles, Seniors, Childless Couples and Teens and Gays","2004-01-04","67","1400"
"https://www.imdb.com/title/tt0763032/?ref_=ttep_ep9","15","9","322","I, (Annoyed Grunt)-Bot","2004-01-11","73","1500"
"https://www.imdb.com/title/tt0701088/?ref_=ttep_ep10","15","10","323","Diatribe of a Mad Housewife","2004-01-25","72","1500"
"https://www.imdb.com/title/tt0784540/?ref_=ttep_ep11","15","11","324","Margical History Tour","2004-02-08","71","1400"
"https://www.imdb.com/title/tt0701175/?ref_=ttep_ep12","15","12","325","Milhouse Doesn't Live Here Anymore","2004-02-15","72","1500"
"https://www.imdb.com/title/tt0701214/?ref_=ttep_ep13","15","13","326","Smart & Smarter","2004-02-22","71","1500"
"https://www.imdb.com/title/tt0701271/?ref_=ttep_ep14","15","14","327","The Ziff Who Came to Dinner","2004-03-14","67","1400"
"https://www.imdb.com/title/tt0701081/?ref_=ttep_ep15","15","15","328","Co-Dependent's Day","2004-03-21","67","1400"
"https://www.imdb.com/title/tt0701268/?ref_=ttep_ep16","15","16","329","The Wandering Juvie","2004-03-28","70","1500"
"https://www.imdb.com/title/tt0701187/?ref_=ttep_ep17","15","17","330","My Big Fat Geek Wedding","2004-04-18","66","1500"
"https://www.imdb.com/title/tt0784101/?ref_=ttep_ep18","15","18","331","Catch 'Em If You Can","2004-04-25","71","1500"
"https://www.imdb.com/title/tt0701209/?ref_=ttep_ep19","15","19","332","Simple Simpson","2004-05-02","73","1500"
"https://www.imdb.com/title/tt0784545/?ref_=ttep_ep20","15","20","333","The Way We Weren't","2004-05-09","72","1500"
"https://www.imdb.com/title/tt0763027/?ref_=ttep_ep21","15","21","334","Bart-Mangled Banner","2004-05-16","63","1400"
"https://www.imdb.com/title/tt0763030/?ref_=ttep_ep22","15","22","335","Fraudcast News","2004-05-23","72","1400"
"https://www.imdb.com/title/tt0701286/?ref_=ttep_ep1","16","1","336","Treehouse of Horror XV","2004-11-07","74","1800"
"https://www.imdb.com/title/tt0701051/?ref_=ttep_ep2","16","2","337","All's Fair in Oven War","2004-11-14","69","1400"
"https://www.imdb.com/title/tt0784543/?ref_=ttep_ep3","16","3","338","Sleeping with the Enemy","2004-11-21","72","1500"
"https://www.imdb.com/title/tt0701205/?ref_=ttep_ep4","16","4","339","She Used to Be My Girl","2004-12-05","65","1400"
"https://www.imdb.com/title/tt0701096/?ref_=ttep_ep5","16","5","340","Fat Man and Little Boy","2004-12-12","70","1400"
"https://www.imdb.com/title/tt0784541/?ref_=ttep_ep6","16","6","341","Midnight Rx","2005-01-16","72","1400"
"https://www.imdb.com/title/tt0763036/?ref_=ttep_ep7","16","7","342","Mommie Beerest","2005-01-30","69","1300"
"https://www.imdb.com/title/tt0701113/?ref_=ttep_ep8","16","8","343","Homer and Ned's Hail Mary Pass","2005-02-06","63","1400"
"https://www.imdb.com/title/tt0701198/?ref_=ttep_ep9","16","9","344","Pranksta Rap","2005-02-13","66","1500"
"https://www.imdb.com/title/tt0757022/?ref_=ttep_ep10","16","10","345","There's Something About Marrying","2005-02-20","69","1400"
"https://www.imdb.com/title/tt0701194/?ref_=ttep_ep11","16","11","346","On a Clear Day I Can't See My Sister","2005-03-06","67","1400"
"https://www.imdb.com/title/tt0701100/?ref_=ttep_ep12","16","12","347","Goo Goo Gai Pan","2005-03-13","70","1400"
"https://www.imdb.com/title/tt0763035/?ref_=ttep_ep13","16","13","348","Mobile Homer","2005-03-20","68","1300"
"https://www.imdb.com/title/tt0701260/?ref_=ttep_ep14","16","14","349","The Seven-Beer Snitch","2005-04-03","68","1300"
"https://www.imdb.com/title/tt0701099/?ref_=ttep_ep15","16","15","350","Future-Drama","2005-04-17","73","1500"
"https://www.imdb.com/title/tt0701089/?ref_=ttep_ep16","16","16","351","Don't Fear the Roofer","2005-05-01","75","1600"
"https://www.imdb.com/title/tt0701242/?ref_=ttep_ep17","16","17","352","The Heartbroke Kid","2005-05-01","72","1400"
"https://www.imdb.com/title/tt0701047/?ref_=ttep_ep18","16","18","353","A Star Is Torn","2005-05-08","67","1400"
"https://www.imdb.com/title/tt0701224/?ref_=ttep_ep19","16","19","354","Thank God It's Doomsday","2005-05-08","72","1400"
"https://www.imdb.com/title/tt0701107/?ref_=ttep_ep20","16","20","355","Home Away from Homer","2005-05-15","71","1300"
"https://www.imdb.com/title/tt0701236/?ref_=ttep_ep21","16","21","356","The Father, the Son, and the Holy Guest Star","2005-05-15","73","1500"
"https://www.imdb.com/title/tt0701071/?ref_=ttep_ep1","17","1","357","The Bonfire of the Manatees","2005-09-11","62","1500"
"https://www.imdb.com/title/tt0701239/?ref_=ttep_ep2","17","2","358","The Girl Who Slept Too Little","2005-09-18","68","1400"
"https://www.imdb.com/title/tt0757020/?ref_=ttep_ep3","17","3","359","Milhouse of Sand and Fog","2005-09-25","69","1300"
"https://www.imdb.com/title/tt0701287/?ref_=ttep_ep4","17","4","360","Treehouse of Horror XVI","2005-11-06","73","1700"
"https://www.imdb.com/title/tt0757019/?ref_=ttep_ep5","17","5","361","Marge's Son Poisoning","2005-11-13","69","1400"
"https://www.imdb.com/title/tt0784542/?ref_=ttep_ep6","17","6","362","See Homer Run","2005-11-20","68","1400"
"https://www.imdb.com/title/tt0701248/?ref_=ttep_ep7","17","7","363","The Last of the Red Hat Mamas","2005-11-27","66","1400"
"https://www.imdb.com/title/tt0701244/?ref_=ttep_ep8","17","8","364","The Italian Bob","2005-12-11","71","1600"
"https://www.imdb.com/title/tt0782576/?ref_=ttep_ep9","17","9","365","Simpsons Christmas Stories","2005-12-18","68","1400"
"https://www.imdb.com/title/tt0701125/?ref_=ttep_ep10","17","10","366","Homer's Paternity Coot","2006-01-08","66","1400"
"https://www.imdb.com/title/tt0758509/?ref_=ttep_ep11","17","11","367","We're on the Road to D'ohwhere","2006-01-29","69","1300"
"https://www.imdb.com/title/tt0773649/?ref_=ttep_ep12","17","12","368","My Fair Laddy","2006-02-26","65","1400"
"https://www.imdb.com/title/tt0776642/?ref_=ttep_ep13","17","13","369","The Seemingly Never-Ending Story","2006-03-12","76","1600"
"https://www.imdb.com/title/tt0780424/?ref_=ttep_ep14","17","14","370","Bart Has Two Mommies","2006-03-19","70","1400"
"https://www.imdb.com/title/tt0701111/?ref_=ttep_ep15","17","15","371","Homer Simpson, This Is Your Wife","2006-03-26","65","1700"
"https://www.imdb.com/title/tt0787753/?ref_=ttep_ep16","17","16","372","Million Dollar Abie","2006-04-02","63","1500"
"https://www.imdb.com/title/tt0701146/?ref_=ttep_ep17","17","17","373","Kiss Kiss, Bang Bangalore","2006-04-09","72","1500"
"https://www.imdb.com/title/tt0795278/?ref_=ttep_ep18","17","18","374","The Wettest Stories Ever Told","2006-04-23","67","1400"
"https://www.imdb.com/title/tt0798764/?ref_=ttep_ep19","17","19","375","Girls Just Want to Have Sums","2006-04-30","71","1500"
"https://www.imdb.com/title/tt0800706/?ref_=ttep_ep20","17","20","376","Regarding Margie","2006-05-07","67","1400"
"https://www.imdb.com/title/tt0800707/?ref_=ttep_ep21","17","21","377","The Monkey Suit","2006-05-14","72","1400"
"https://www.imdb.com/title/tt0809050/?ref_=ttep_ep22","17","22","378","Homer and Marge Turn a Couple Play","2006-05-21","64","1400"
"https://www.imdb.com/title/tt0831239/?ref_=ttep_ep1","18","1","379","The Mook, the Chef, the Wife and Her Homer","2006-09-10","76","1700"
"https://www.imdb.com/title/tt0858309/?ref_=ttep_ep2","18","2","380","Jazzy & The Pussycats","2006-09-17","67","1600"
"https://www.imdb.com/title/tt0858310/?ref_=ttep_ep3","18","3","381","Please Homer, Don't Hammer 'Em","2006-09-24","68","1500"
"https://www.imdb.com/title/tt0831240/?ref_=ttep_ep4","18","4","382","Treehouse of Horror XVII","2006-11-05","68","1700"
"https://www.imdb.com/title/tt0864054/?ref_=ttep_ep5","18","5","383","G.I. (Annoyed Grunt)","2006-11-12","68","1500"
"https://www.imdb.com/title/tt0888356/?ref_=ttep_ep6","18","6","384","Moe'N'a Lisa","2006-11-19","67","1400"
"https://www.imdb.com/title/tt0888355/?ref_=ttep_ep7","18","7","385","Ice Cream of Margie (with the Light Blue Hair)","2006-11-26","69","1400"
"https://www.imdb.com/title/tt0905908/?ref_=ttep_ep8","18","8","386","The Haw-Hawed Couple","2006-12-10","72","1400"
"https://www.imdb.com/title/tt0893217/?ref_=ttep_ep9","18","9","387","Kill Gil, Vol. 1 & 2","2006-12-17","63","1500"
"https://www.imdb.com/title/tt0918024/?ref_=ttep_ep10","18","10","388","The Wife Aquatic","2007-01-07","66","1400"
"https://www.imdb.com/title/tt0918866/?ref_=ttep_ep11","18","11","389","Revenge Is a Dish Best Served Three Times","2007-01-28","70","1400"
"https://www.imdb.com/title/tt0918865/?ref_=ttep_ep12","18","12","390","Little Big Girl","2007-02-11","67","1500"
"https://www.imdb.com/title/tt0918868/?ref_=ttep_ep13","18","13","391","Springfield Up","2007-02-18","73","1500"
"https://www.imdb.com/title/tt0959423/?ref_=ttep_ep14","18","14","392","Yokel Chords","2007-03-04","68","1400"
"https://www.imdb.com/title/tt0918867/?ref_=ttep_ep15","18","15","393","Rome-old and Juli-eh","2007-03-11","63","1400"
"https://www.imdb.com/title/tt0918864/?ref_=ttep_ep16","18","16","394","Homerazzi","2007-03-25","71","1400"
"https://www.imdb.com/title/tt0988495/?ref_=ttep_ep17","18","17","395","Marge Gamer","2007-04-22","73","1600"
"https://www.imdb.com/title/tt1019219/?ref_=ttep_ep18","18","18","396","The Boys of Bummer","2007-04-29","60","1500"
"https://www.imdb.com/title/tt1017618/?ref_=ttep_ep19","18","19","397","Crook and Ladder","2007-05-06","69","1300"
"https://www.imdb.com/title/tt0918869/?ref_=ttep_ep20","18","20","398","Stop, or My Dog Will Shoot!","2007-05-13","68","1300"
"https://www.imdb.com/title/tt0907538/?ref_=ttep_ep21","18","21","399","24 Minutes","2007-05-20","81","2300"
"https://www.imdb.com/title/tt1023430/?ref_=ttep_ep22","18","22","400","You Kent Always Say What You Want","2007-05-20","72","1500"
"https://www.imdb.com/title/tt1103798/?ref_=ttep_ep1","19","1","401","He Loves to Fly and He D'ohs","2007-09-23","67","1500"
"https://www.imdb.com/title/tt1103799/?ref_=ttep_ep2","19","2","402","Homer of Seville","2007-09-30","65","1500"
"https://www.imdb.com/title/tt1112081/?ref_=ttep_ep3","19","3","403","Midnight Towboy","2007-10-07","71","1400"
"https://www.imdb.com/title/tt1111719/?ref_=ttep_ep4","19","4","404","I Don't Wanna Know Why the Caged Bird Sings","2007-10-14","67","1400"
"https://www.imdb.com/title/tt1112082/?ref_=ttep_ep5","19","5","405","Treehouse of Horror XVIII","2007-11-04","69","1600"
"https://www.imdb.com/title/tt1137310/?ref_=ttep_ep6","19","6","406","Little Orphan Millie","2007-11-11","66","1400"
"https://www.imdb.com/title/tt0992614/?ref_=ttep_ep7","19","7","407","Husbands and Knives","2007-11-18","69","1500"
"https://www.imdb.com/title/tt1137309/?ref_=ttep_ep8","19","8","408","Funeral for a Fiend","2007-11-25","71","1500"
"https://www.imdb.com/title/tt1147352/?ref_=ttep_ep9","19","9","409","Eternal Moonshine of the Simpson Mind","2007-12-16","82","2100"
"https://www.imdb.com/title/tt1157300/?ref_=ttep_ep10","19","10","410","E Pluribus Wiggum","2008-01-06","68","1400"
"https://www.imdb.com/title/tt1166961/?ref_=ttep_ep11","19","11","411","That '90s Show","2008-01-27","63","2000"
"https://www.imdb.com/title/tt1178426/?ref_=ttep_ep12","19","12","412","Love, Springfieldian Style","2008-02-17","65","1400"
"https://www.imdb.com/title/tt1188966/?ref_=ttep_ep13","19","13","413","The DeBarted","2008-03-02","76","1700"
"https://www.imdb.com/title/tt1191727/?ref_=ttep_ep14","19","14","414","Dial 'N' for Nerder","2008-03-09","74","1500"
"https://www.imdb.com/title/tt1206071/?ref_=ttep_ep15","19","15","415","Smoke on the Daughter","2008-03-30","66","1400"
"https://www.imdb.com/title/tt1211739/?ref_=ttep_ep16","19","16","416","Papa Don't Leech","2008-04-13","61","1300"
"https://www.imdb.com/title/tt1215758/?ref_=ttep_ep17","19","17","417","Apocalypse Cow","2008-04-27","68","1400"
"https://www.imdb.com/title/tt1225549/?ref_=ttep_ep18","19","18","418","Any Given Sundance","2008-05-04","70","1400"
"https://www.imdb.com/title/tt1225550/?ref_=ttep_ep19","19","19","419","Mona Leaves-a","2008-05-11","70","1400"
"https://www.imdb.com/title/tt1226562/?ref_=ttep_ep20","19","20","420","All About Lisa","2008-05-18","64","1300"
"https://www.imdb.com/title/tt1289258/?ref_=ttep_ep1","20","1","421","Sex, Pies and Idiot Scrapes","2008-09-28","72","1600"
"https://www.imdb.com/title/tt1291175/?ref_=ttep_ep2","20","2","422","Lost Verizon","2008-10-05","68","1500"
"https://www.imdb.com/title/tt1291174/?ref_=ttep_ep3","20","3","423","Double, Double, Boy in Trouble","2008-10-19","68","1400"
"https://www.imdb.com/title/tt1291168/?ref_=ttep_ep4","20","4","424","Treehouse of Horror XIX","2008-11-02","71","1700"
"https://www.imdb.com/title/tt1291169/?ref_=ttep_ep5","20","5","425","Dangerous Curves","2008-11-09","66","1400"
"https://www.imdb.com/title/tt1291170/?ref_=ttep_ep6","20","6","426","Homer and Lisa Exchange Cross Words","2008-11-16","70","1400"
"https://www.imdb.com/title/tt1291171/?ref_=ttep_ep7","20","7","427","MyPods and Boomsticks","2008-11-30","71","1500"
"https://www.imdb.com/title/tt1291172/?ref_=ttep_ep8","20","8","428","The Burns and the Bees","2008-12-07","65","1400"
"https://www.imdb.com/title/tt1291173/?ref_=ttep_ep9","20","9","429","Lisa the Drama Queen","2009-01-25","60","1500"
"https://www.imdb.com/title/tt1291155/?ref_=ttep_ep10","20","10","430","Take My Life, Please","2009-02-15","69","1300"
"https://www.imdb.com/title/tt1291156/?ref_=ttep_ep11","20","11","431","How the Test Was Won","2009-03-01","70","1300"
"https://www.imdb.com/title/tt1291157/?ref_=ttep_ep12","20","12","432","No Loan Again, Naturally","2009-03-08","68","1300"
"https://www.imdb.com/title/tt1291158/?ref_=ttep_ep13","20","13","433","Gone Maggie Gone","2009-03-15","72","1400"
"https://www.imdb.com/title/tt1291159/?ref_=ttep_ep14","20","14","434","In the Name of the Grandfather","2009-03-22","63","1300"
"https://www.imdb.com/title/tt1291160/?ref_=ttep_ep15","20","15","435","Wedding for Disaster","2009-03-29","66","1300"
"https://www.imdb.com/title/tt1291161/?ref_=ttep_ep16","20","16","436","Eeny Teeny Maya Moe","2009-04-05","72","1400"
"https://www.imdb.com/title/tt1291162/?ref_=ttep_ep17","20","17","437","The Good, the Sad and the Drugly","2009-04-19","72","1400"
"https://www.imdb.com/title/tt1291163/?ref_=ttep_ep18","20","18","438","Father Knows Worst","2009-04-26","69","1300"
"https://www.imdb.com/title/tt1291164/?ref_=ttep_ep19","20","19","439","Waverly Hills, 9021-D'Oh","2009-05-03","71","1400"
"https://www.imdb.com/title/tt1291165/?ref_=ttep_ep20","20","20","440","Four Great Women and a Manicure","2009-05-10","64","1300"
"https://www.imdb.com/title/tt1291166/?ref_=ttep_ep21","20","21","441","Coming to Homerica","2009-05-17","73","1400"
"https://www.imdb.com/title/tt1502337/?ref_=ttep_ep1","21","1","442","Homer the Whopper","2009-09-27","71","1500"
"https://www.imdb.com/title/tt1519210/?ref_=ttep_ep2","21","2","443","Bart Gets a 'Z'","2009-10-04","66","1400"
"https://www.imdb.com/title/tt1519211/?ref_=ttep_ep3","21","3","444","The Great Wife Hope","2009-10-11","63","1200"
"https://www.imdb.com/title/tt1528000/?ref_=ttep_ep4","21","4","445","Treehouse of Horror XX","2009-10-18","73","1600"
"https://www.imdb.com/title/tt1535905/?ref_=ttep_ep5","21","5","446","The Devil Wears Nada","2009-11-15","67","1300"
"https://www.imdb.com/title/tt1535904/?ref_=ttep_ep6","21","6","447","Pranks and Greens","2009-11-22","66","1200"
"https://www.imdb.com/title/tt1546634/?ref_=ttep_ep7","21","7","448","Rednecks and Broomsticks","2009-11-29","67","1200"
"https://www.imdb.com/title/tt1563958/?ref_=ttep_ep8","21","8","449","Oh Brother, Where Bart Thou?","2009-12-13","71","1300"
"https://www.imdb.com/title/tt1572119/?ref_=ttep_ep9","21","9","450","Thursdays with Abie","2010-01-03","67","1200"
"https://www.imdb.com/title/tt1572482/?ref_=ttep_ep10","21","10","451","Once Upon a Time in Springfield","2010-01-10","65","1200"
"https://www.imdb.com/title/tt1589903/?ref_=ttep_ep11","21","11","452","Million Dollar Maybe","2010-01-31","71","1200"
"https://www.imdb.com/title/tt1589902/?ref_=ttep_ep12","21","12","453","Boy Meets Curl","2010-02-14","68","1300"
"https://www.imdb.com/title/tt1597692/?ref_=ttep_ep13","21","13","454","The Color Yellow","2010-02-21","66","1200"
"https://www.imdb.com/title/tt1606137/?ref_=ttep_ep14","21","14","455","Postcards from the Wedge","2010-03-14","70","1100"
"https://www.imdb.com/title/tt1607507/?ref_=ttep_ep15","21","15","456","Stealing First Base","2010-03-21","70","1300"
"https://www.imdb.com/title/tt1614895/?ref_=ttep_ep16","21","16","457","The Greatest Story Ever D'ohed","2010-03-28","57","1500"
"https://www.imdb.com/title/tt1619577/?ref_=ttep_ep17","21","17","458","American History X-cellent","2010-04-11","66","1200"
"https://www.imdb.com/title/tt1626786/?ref_=ttep_ep18","21","18","459","Chief of Hearts","2010-04-18","68","1200"
"https://www.imdb.com/title/tt1629162/?ref_=ttep_ep19","21","19","460","The Squirt and the Whale","2010-04-25","68","1200"
"https://www.imdb.com/title/tt1633108/?ref_=ttep_ep20","21","20","461","To Surveil, with Love","2010-05-02","71","1200"
"https://www.imdb.com/title/tt1635632/?ref_=ttep_ep21","21","21","462","Moe Letter Blues","2010-05-09","70","1200"
"https://www.imdb.com/title/tt1645678/?ref_=ttep_ep22","21","22","463","The Bob Next Door","2010-05-16","73","1300"
"https://www.imdb.com/title/tt1645677/?ref_=ttep_ep23","21","23","464","Judge Me Tender","2010-05-23","65","1200"
"https://www.imdb.com/title/tt1628648/?ref_=ttep_ep1","22","1","465","Elementary School Musical","2010-09-26","62","1400"
"https://www.imdb.com/title/tt1628659/?ref_=ttep_ep2","22","2","466","Loan-a Lisa","2010-10-03","67","1200"
"https://www.imdb.com/title/tt1628662/?ref_=ttep_ep3","22","3","467","MoneyBart","2010-10-10","67","1200"
"https://www.imdb.com/title/tt1628663/?ref_=ttep_ep4","22","4","468","Treehouse of Horror XXI","2010-11-07","71","1500"
"https://www.imdb.com/title/tt1628664/?ref_=ttep_ep5","22","5","469","Lisa Simpson, This Isn't Your Life","2010-11-14","72","1200"
"https://www.imdb.com/title/tt1628665/?ref_=ttep_ep6","22","6","470","The Fool Monty","2010-11-21","65","1200"
"https://www.imdb.com/title/tt1628666/?ref_=ttep_ep7","22","7","471","How Munched Is That Birdie in the Window?","2010-11-28","63","1200"
"https://www.imdb.com/title/tt1628667/?ref_=ttep_ep8","22","8","472","The Fight Before Christmas","2010-12-05","67","1300"
"https://www.imdb.com/title/tt1628668/?ref_=ttep_ep9","22","9","473","Donnie Fatso","2010-12-12","70","1200"
"https://www.imdb.com/title/tt1628649/?ref_=ttep_ep10","22","10","474","Moms I'd Like to Forget","2011-01-09","63","1100"
"https://www.imdb.com/title/tt1628650/?ref_=ttep_ep11","22","11","475","Flaming Moe","2011-01-16","67","1200"
"https://www.imdb.com/title/tt1628651/?ref_=ttep_ep12","22","12","476","Homer the Father","2011-01-23","69","1100"
"https://www.imdb.com/title/tt1628652/?ref_=ttep_ep13","22","13","477","The Blue and the Gray","2011-02-13","67","1100"
"https://www.imdb.com/title/tt1628653/?ref_=ttep_ep14","22","14","478","Angry Dad: The Movie","2011-02-20","72","1300"
"https://www.imdb.com/title/tt1628654/?ref_=ttep_ep15","22","15","479","The Scorpion's Tale","2011-03-06","66","1200"
"https://www.imdb.com/title/tt1628655/?ref_=ttep_ep16","22","16","480","A Midsummer's Nice Dreams","2011-03-13","60","1100"
"https://www.imdb.com/title/tt1628656/?ref_=ttep_ep17","22","17","481","Love Is a Many Strangled Thing","2011-03-27","62","1200"
"https://www.imdb.com/title/tt1628657/?ref_=ttep_ep18","22","18","482","The Great Simpsina","2011-04-10","68","1200"
"https://www.imdb.com/title/tt1628658/?ref_=ttep_ep19","22","19","483","The Real Housewives of Fat Tony","2011-05-01","65","1200"
"https://www.imdb.com/title/tt1628660/?ref_=ttep_ep20","22","20","484","Homer Scissorhands","2011-05-08","71","1200"
"https://www.imdb.com/title/tt1628661/?ref_=ttep_ep21","22","21","485","500 Keys","2011-05-15","73","1200"
"https://www.imdb.com/title/tt1927865/?ref_=ttep_ep22","22","22","486","The Ned-Liest Catch","2011-05-22","69","1200"
"https://www.imdb.com/title/tt2000327/?ref_=ttep_ep1","23","1","487","The Falcon and the D'Ohman","2011-09-25","71","1400"
"https://www.imdb.com/title/tt2047547/?ref_=ttep_ep2","23","2","488","Bart Stops to Smell the Roosevelts","2011-10-02","70","1300"
"https://www.imdb.com/title/tt2083065/?ref_=ttep_ep3","23","3","489","Treehouse of Horror XXII","2011-10-30","64","1500"
"https://www.imdb.com/title/tt2083064/?ref_=ttep_ep4","23","4","490","Replaceable You","2011-11-06","64","1200"
"https://www.imdb.com/title/tt2063514/?ref_=ttep_ep5","23","5","491","The Food Wife","2011-11-13","71","1300"
"https://www.imdb.com/title/tt2090363/?ref_=ttep_ep6","23","6","492","The Book Job","2011-11-20","79","1700"
"https://www.imdb.com/title/tt2098488/?ref_=ttep_ep7","23","7","493","The Man in the Blue Flannel Pants","2011-11-27","67","1100"
"https://www.imdb.com/title/tt2107520/?ref_=ttep_ep8","23","8","494","The Ten-Per-Cent Solution","2011-12-04","61","1100"
"https://www.imdb.com/title/tt2107521/?ref_=ttep_ep9","23","9","495","Holidays of Future Passed","2011-12-11","83","2100"
"https://www.imdb.com/title/tt2107516/?ref_=ttep_ep10","23","10","496","Politically Inept, with Homer Simpson","2012-01-08","60","1200"
"https://www.imdb.com/title/tt2107517/?ref_=ttep_ep11","23","11","497","The D'oh-cial Network","2012-01-15","69","1200"
"https://www.imdb.com/title/tt2107518/?ref_=ttep_ep12","23","12","498","Moe Goes from Rags to Riches","2012-01-29","58","1300"
"https://www.imdb.com/title/tt2107519/?ref_=ttep_ep13","23","13","499","The Daughter Also Rises","2012-02-12","63","1100"
"https://www.imdb.com/title/tt2061517/?ref_=ttep_ep14","23","14","500","At Long Last Leave","2012-02-19","69","1300"
"https://www.imdb.com/title/tt2287235/?ref_=ttep_ep15","23","15","501","Exit Through the Kwik-E-Mart","2012-03-04","68","1100"
"https://www.imdb.com/title/tt2214159/?ref_=ttep_ep16","23","16","502","How I Wet Your Mother","2012-03-11","72","1300"
"https://www.imdb.com/title/tt2282549/?ref_=ttep_ep17","23","17","503","Them, Robot","2012-03-18","69","1200"
"https://www.imdb.com/title/tt2328399/?ref_=ttep_ep18","23","18","504","Beware My Cheating Bart","2012-04-15","71","1200"
"https://www.imdb.com/title/tt2107522/?ref_=ttep_ep19","23","19","505","A Totally Fun Thing Bart Will Never Do Again","2012-04-29","76","1500"
"https://www.imdb.com/title/tt2396247/?ref_=ttep_ep20","23","20","506","The Spy Who Learned Me","2012-05-06","68","1000"
"https://www.imdb.com/title/tt2400823/?ref_=ttep_ep21","23","21","507","Ned 'N Edna's Blend Agenda","2012-05-13","66","1100"
"https://www.imdb.com/title/tt2403733/?ref_=ttep_ep22","23","22","508","Lisa Goes Gaga","2012-05-20","40","3100"
"https://www.imdb.com/title/tt2289606/?ref_=ttep_ep1","24","1","509","Moonshine River","2012-09-30","63","1300"
"https://www.imdb.com/title/tt2396464/?ref_=ttep_ep2","24","2","510","Treehouse of Horror XXIII","2012-10-07","72","1400"
"https://www.imdb.com/title/tt2396344/?ref_=ttep_ep3","24","3","511","Adventures in Baby-Getting","2012-11-04","68","1100"
"https://www.imdb.com/title/tt2507828/?ref_=ttep_ep4","24","4","512","Gone Abie Gone","2012-11-11","67","1100"
"https://www.imdb.com/title/tt2518612/?ref_=ttep_ep5","24","5","513","Penny-Wiseguys","2012-11-18","63","1000"
"https://www.imdb.com/title/tt2518614/?ref_=ttep_ep6","24","6","514","A Tree Grows in Springfield","2012-11-25","63","1100"
"https://www.imdb.com/title/tt2533216/?ref_=ttep_ep7","24","7","515","The Day the Earth Stood Cool","2012-12-09","69","1200"
"https://www.imdb.com/title/tt2533218/?ref_=ttep_ep8","24","8","516","To Cur with Love","2012-12-16","72","1100"
"https://www.imdb.com/title/tt2580138/?ref_=ttep_ep9","24","9","517","Homer Goes to Prep School","2013-01-06","67","1000"
"https://www.imdb.com/title/tt2581142/?ref_=ttep_ep10","24","10","518","A Test Before Trying","2013-01-13","69","1000"
"https://www.imdb.com/title/tt2649908/?ref_=ttep_ep11","24","11","519","Changing of the Guardian","2013-01-27","64","1000"
"https://www.imdb.com/title/tt2649910/?ref_=ttep_ep12","24","12","520","Love Is a Many Splintered Thing","2013-02-10","62","1100"
"https://www.imdb.com/title/tt2710778/?ref_=ttep_ep13","24","13","521","Hardly Kirk-ing","2013-02-17","70","1100"
"https://www.imdb.com/title/tt2710780/?ref_=ttep_ep14","24","14","522","Gorgeous Grampa","2013-03-03","62","1100"
"https://www.imdb.com/title/tt2710782/?ref_=ttep_ep15","24","15","523","Black-Eyed, Please","2013-03-10","69","1100"
"https://www.imdb.com/title/tt2739622/?ref_=ttep_ep16","24","16","524","Dark Knight Court","2013-03-17","71","1100"
"https://www.imdb.com/title/tt2778778/?ref_=ttep_ep17","24","17","525","What Animated Women Want","2013-04-14","64","1100"
"https://www.imdb.com/title/tt2850616/?ref_=ttep_ep18","24","18","526","Pulpit Friction","2013-04-28","64","1000"
"https://www.imdb.com/title/tt2850620/?ref_=ttep_ep19","24","19","527","Whiskey Business","2013-05-05","67","977"
"https://www.imdb.com/title/tt2850618/?ref_=ttep_ep20","24","20","528","The Fabulous Faker Boy","2013-05-12","62","1000"
"https://www.imdb.com/title/tt2857338/?ref_=ttep_ep21","24","21","529","The Saga of Carl","2013-05-19","70","1200"
"https://www.imdb.com/title/tt2739624/?ref_=ttep_ep22","24","22","530","Dangers on a Train","2013-05-19","70","1000"
"https://www.imdb.com/title/tt2932788/?ref_=ttep_ep1","25","1","531","Homerland","2013-09-29","68","1400"
"https://www.imdb.com/title/tt2930940/?ref_=ttep_ep2","25","2","532","Treehouse of Horror XXIV","2013-10-06","69","1500"
"https://www.imdb.com/title/tt2930944/?ref_=ttep_ep3","25","3","533","Four Regrettings and a Funeral","2013-11-03","64","1100"
"https://www.imdb.com/title/tt2967632/?ref_=ttep_ep4","25","4","534","YOLO","2013-11-10","65","1200"
"https://www.imdb.com/title/tt2930950/?ref_=ttep_ep5","25","5","535","Labor Pains","2013-11-17","68","1100"
"https://www.imdb.com/title/tt3298158/?ref_=ttep_ep6","25","6","536","The Kid Is All Right","2013-11-24","64","1200"
"https://www.imdb.com/title/tt3181566/?ref_=ttep_ep7","25","7","537","Yellow Subterfuge","2013-12-08","68","1100"
"https://www.imdb.com/title/tt2930952/?ref_=ttep_ep8","25","8","538","White Christmas Blues","2013-12-15","65","1100"
"https://www.imdb.com/title/tt2966850/?ref_=ttep_ep9","25","9","539","Steal This Episode","2014-01-05","77","1500"
"https://www.imdb.com/title/tt3181598/?ref_=ttep_ep10","25","10","540","Married to the Blob","2014-01-12","69","1200"
"https://www.imdb.com/title/tt3449580/?ref_=ttep_ep11","25","11","541","Specs and the City","2014-01-26","71","1100"
"https://www.imdb.com/title/tt3181558/?ref_=ttep_ep12","25","12","542","Diggs","2014-03-09","63","1100"
"https://www.imdb.com/title/tt3181550/?ref_=ttep_ep13","25","13","543","The Man Who Grew Too Much","2014-03-09","66","1200"
"https://www.imdb.com/title/tt2985826/?ref_=ttep_ep14","25","14","544","The Winter of His Content","2014-03-16","66","1100"
"https://www.imdb.com/title/tt3181612/?ref_=ttep_ep15","25","15","545","The War of Art","2014-03-23","68","1000"
"https://www.imdb.com/title/tt3181608/?ref_=ttep_ep16","25","16","546","You Don't Have to Live Like a Referee","2014-03-30","67","1100"
"https://www.imdb.com/title/tt3181604/?ref_=ttep_ep17","25","17","547","Luca$","2014-04-06","63","1100"
"https://www.imdb.com/title/tt3181488/?ref_=ttep_ep18","25","18","548","Days of Future Future","2014-04-13","70","1200"
"https://www.imdb.com/title/tt3181528/?ref_=ttep_ep19","25","19","549","What to Expect When Bart's Expecting","2014-04-27","58","1100"
"https://www.imdb.com/title/tt2967634/?ref_=ttep_ep20","25","20","550","Brick Like Me","2014-05-04","79","1700"
"https://www.imdb.com/title/tt3319012/?ref_=ttep_ep21","25","21","551","Pay Pal","2014-05-11","66","1000"
"https://www.imdb.com/title/tt3683030/?ref_=ttep_ep22","25","22","552","The Yellow Badge of Cowardge","2014-05-18","66","1000"
"https://www.imdb.com/title/tt3707816/?ref_=ttep_ep1","26","1","553","Clown in the Dumps","2014-09-28","57","1400"
"https://www.imdb.com/title/tt3952586/?ref_=ttep_ep2","26","2","554","The Wreck of the Relationship","2014-10-05","67","1100"
"https://www.imdb.com/title/tt3552794/?ref_=ttep_ep3","26","3","555","Super Franchise Me","2014-10-12","64","1100"
"https://www.imdb.com/title/tt3552792/?ref_=ttep_ep4","26","4","556","Treehouse of Horror XXV","2014-10-19","74","1500"
"https://www.imdb.com/title/tt3603776/?ref_=ttep_ep5","26","5","557","Opposites A-Frack","2014-11-02","63","1000"
"https://www.imdb.com/title/tt3144282/?ref_=ttep_ep6","26","6","558","Simpsorama","2014-11-09","79","2100"
"https://www.imdb.com/title/tt3735244/?ref_=ttep_ep7","26","7","559","Blazed and Confused","2014-11-16","68","1100"
"https://www.imdb.com/title/tt4132794/?ref_=ttep_ep8","26","8","560","Covercraft","2014-11-23","64","1100"
"https://www.imdb.com/title/tt4130168/?ref_=ttep_ep9","26","9","561","I Won't Be Home for Christmas","2014-12-07","68","1100"
"https://www.imdb.com/title/tt2107523/?ref_=ttep_ep10","26","10","562","The Man Who Came to Be Dinner","2015-01-04","66","1300"
"https://www.imdb.com/title/tt4165562/?ref_=ttep_ep11","26","11","563","Bart's New Friend","2015-01-11","71","1100"
"https://www.imdb.com/title/tt3990550/?ref_=ttep_ep12","26","12","564","The Musk Who Fell to Earth","2015-01-25","56","1200"
"https://www.imdb.com/title/tt4357306/?ref_=ttep_ep13","26","13","565","Walking Big & Tall","2015-02-08","62","970"
"https://www.imdb.com/title/tt4390086/?ref_=ttep_ep14","26","14","566","My Fare Lady","2015-02-15","66","952"
"https://www.imdb.com/title/tt4437944/?ref_=ttep_ep15","26","15","567","The Princess Guide","2015-03-01","64","977"
"https://www.imdb.com/title/tt3181538/?ref_=ttep_ep16","26","16","568","Sky Police","2015-03-08","67","1000"
"https://www.imdb.com/title/tt4468144/?ref_=ttep_ep17","26","17","569","Waiting for Duffman","2015-03-15","66","950"
"https://www.imdb.com/title/tt4480332/?ref_=ttep_ep18","26","18","570","Peeping Mom","2015-04-19","66","910"
"https://www.imdb.com/title/tt4480342/?ref_=ttep_ep19","26","19","571","The Kids Are All Fight","2015-04-26","67","920"
"https://www.imdb.com/title/tt4480370/?ref_=ttep_ep20","26","20","572","Let's Go Fly a Coot","2015-05-03","60","900"
"https://www.imdb.com/title/tt4437970/?ref_=ttep_ep21","26","21","573","Bull-E","2015-05-10","65","920"
"https://www.imdb.com/title/tt4480380/?ref_=ttep_ep22","26","22","574","Mathlete's Feat","2015-05-17","67","960"
"https://www.imdb.com/title/tt4341176/?ref_=ttep_ep1","27","1","575","Every Man's Dream","2015-09-27","57","1300"
"https://www.imdb.com/title/tt4480392/?ref_=ttep_ep2","27","2","576","'Cue Detective","2015-10-04","65","1100"
"https://www.imdb.com/title/tt4480438/?ref_=ttep_ep3","27","3","577","Puffless","2015-10-11","69","1100"
"https://www.imdb.com/title/tt4480454/?ref_=ttep_ep4","27","4","578","Halloween of Horror","2015-10-18","75","1500"
"https://www.imdb.com/title/tt4480402/?ref_=ttep_ep5","27","5","579","Treehouse of Horror XXVI","2015-10-25","65","1200"
"https://www.imdb.com/title/tt4485922/?ref_=ttep_ep6","27","6","580","Friend with Benefit","2015-11-08","66","950"
"https://www.imdb.com/title/tt4480444/?ref_=ttep_ep7","27","7","581","Lisa with an ""S""","2015-11-22","59","965"
"https://www.imdb.com/title/tt4659896/?ref_=ttep_ep8","27","8","582","Paths of Glory","2015-12-06","68","936"
"https://www.imdb.com/title/tt4773522/?ref_=ttep_ep9","27","9","583","Barthood","2015-12-13","84","2100"
"https://www.imdb.com/title/tt5148632/?ref_=ttep_ep10","27","10","584","The Girl Code","2016-01-03","65","1000"
"https://www.imdb.com/title/tt4932900/?ref_=ttep_ep11","27","11","585","Teenage Mutant Milk-Caused Hurdles","2016-01-10","65","970"
"https://www.imdb.com/title/tt5179010/?ref_=ttep_ep12","27","12","586","Much Apu About Something","2016-01-17","65","922"
"https://www.imdb.com/title/tt4773532/?ref_=ttep_ep13","27","13","587","Love Is in the N2-O2-Ar-CO2-Ne-He-CH4","2016-02-14","63","880"
"https://www.imdb.com/title/tt4773516/?ref_=ttep_ep14","27","14","588","Gal of Constant Sorrow","2016-02-21","64","1000"
"https://www.imdb.com/title/tt4773510/?ref_=ttep_ep15","27","15","589","Lisa the Veterinarian","2016-03-06","63","890"
"https://www.imdb.com/title/tt4818824/?ref_=ttep_ep16","27","16","590","The Marge-ian Chronicles","2016-03-13","70","960"
"https://www.imdb.com/title/tt5222700/?ref_=ttep_ep17","27","17","591","The Burns Cage","2016-04-03","63","885"
"https://www.imdb.com/title/tt5222722/?ref_=ttep_ep18","27","18","592","How Lisa Got Her Marge Back","2016-04-10","62","840"
"https://www.imdb.com/title/tt5222740/?ref_=ttep_ep19","27","19","593","Fland Canyon","2016-04-24","71","960"
"https://www.imdb.com/title/tt5222750/?ref_=ttep_ep20","27","20","594","To Courier with Love","2016-05-08","66","830"
"https://www.imdb.com/title/tt5222742/?ref_=ttep_ep21","27","21","595","Simprovised","2016-05-15","63","860"
"https://www.imdb.com/title/tt4765704/?ref_=ttep_ep22","27","22","596","Orange Is the New Yellow","2016-05-22","66","885"
"https://www.imdb.com/title/tt5718172/?ref_=ttep_ep1","28","1","597","Monty Burns' Fleeing Circus","2016-09-25","60","978"
"https://www.imdb.com/title/tt5847440/?ref_=ttep_ep2","28","2","598","Friends and Family","2016-10-02","66","930"
"https://www.imdb.com/title/tt5222754/?ref_=ttep_ep3","28","3","599","The Town","2016-10-09","70","1000"
"https://www.imdb.com/title/tt5847462/?ref_=ttep_ep4","28","4","600","Treehouse of Horror XXVII","2016-10-16","68","1200"
"https://www.imdb.com/title/tt5847444/?ref_=ttep_ep5","28","5","601","Trust But Clarify","2016-10-23","63","864"
"https://www.imdb.com/title/tt5847448/?ref_=ttep_ep6","28","6","602","There Will Be Buds","2016-11-06","66","868"
"https://www.imdb.com/title/tt5222762/?ref_=ttep_ep7","28","7","603","Havana Wild Weekend","2016-11-13","62","855"
"https://www.imdb.com/title/tt4765710/?ref_=ttep_ep8","28","8","604","Dad Behavior","2016-11-20","65","832"
"https://www.imdb.com/title/tt5847466/?ref_=ttep_ep9","28","9","605","The Last Traction Hero","2016-12-04","63","792"
"https://www.imdb.com/title/tt5570642/?ref_=ttep_ep10","28","10","606","The Nightmare After Krustmas","2016-12-11","59","867"
"https://www.imdb.com/title/tt5847488/?ref_=ttep_ep11","28","11","607","Pork and Burns","2017-01-08","67","850"
"https://www.imdb.com/title/tt5847482/?ref_=ttep_ep12","28","12","608","The Great Phatsby","2017-01-15","61","1000"
"https://www.imdb.com/title/tt5847490/?ref_=ttep_ep13","28","14","609","Fatzcarraldo","2017-02-12","63","820"
"https://www.imdb.com/title/tt5847492/?ref_=ttep_ep14","28","15","610","The Cad and the Hat","2017-02-19","64","830"
"https://www.imdb.com/title/tt5847434/?ref_=ttep_ep15","28","16","611","Kamp Krustier","2017-03-05","65","825"
"https://www.imdb.com/title/tt4765712/?ref_=ttep_ep16","28","17","612","22 for 30","2017-03-12","65","850"
"https://www.imdb.com/title/tt6012538/?ref_=ttep_ep17","28","18","613","A Father's Watch","2017-03-19","67","837"
"https://www.imdb.com/title/tt6012540/?ref_=ttep_ep18","28","19","614","The Caper Chase","2017-04-02","61","854"
"https://www.imdb.com/title/tt5951416/?ref_=ttep_ep19","28","20","615","Looking for Mr. Goodbart","2017-04-30","68","827"
"https://www.imdb.com/title/tt5951430/?ref_=ttep_ep20","28","21","616","Moho House","2017-05-07","61","772"
"https://www.imdb.com/title/tt6733170/?ref_=ttep_ep21","28","22","617","Dogtown","2017-05-21","64","778"
"https://www.imdb.com/title/tt7156270/?ref_=ttep_ep1","29","1","618","The Serfsons","2017-10-01","68","1300"
"https://www.imdb.com/title/tt7156264/?ref_=ttep_ep2","29","2","619","Springfield Splendor","2017-10-08","65","1000"
"https://www.imdb.com/title/tt6225292/?ref_=ttep_ep3","29","3","620","Whistler's Father","2017-10-15","61","899"
"https://www.imdb.com/title/tt6890620/?ref_=ttep_ep4","29","4","621","Treehouse of Horror XXVIII","2017-10-22","70","1300"
"https://www.imdb.com/title/tt7480030/?ref_=ttep_ep5","29","5","622","Grampy Can Ya Hear Me","2017-11-05","63","866"
"https://www.imdb.com/title/tt7548148/?ref_=ttep_ep6","29","6","623","The Old Blue Mayor She Ain't What She Used To Be","2017-11-12","63","873"
"https://www.imdb.com/title/tt7368116/?ref_=ttep_ep7","29","7","624","Singin' in the Lane","2017-11-19","64","863"
"https://www.imdb.com/title/tt7343996/?ref_=ttep_ep8","29","8","625","Mr. Lisa's Opus","2017-12-03","68","955"
"https://www.imdb.com/title/tt7480064/?ref_=ttep_ep9","29","9","626","Gone Boy","2017-12-10","72","1000"
"https://www.imdb.com/title/tt7156278/?ref_=ttep_ep10","29","10","627","Haw-Haw Land","2018-01-07","64","894"
"https://www.imdb.com/title/tt6890594/?ref_=ttep_ep11","29","11","628","Frink Gets Testy","2018-01-14","62","811"
"https://www.imdb.com/title/tt7852294/?ref_=ttep_ep12","29","12","629","Homer is Where the Art Isn't","2018-03-18","66","886"
"https://www.imdb.com/title/tt7343988/?ref_=ttep_ep13","29","13","630","3 Scenes Plus a Tag from a Marriage","2018-03-25","66","807"
"https://www.imdb.com/title/tt7156280/?ref_=ttep_ep14","29","14","631","Fears of a Clown","2018-04-01","60","764"
"https://www.imdb.com/title/tt7953984/?ref_=ttep_ep15","29","15","632","No Good Read Goes Unpunished","2018-04-08","63","781"
"https://www.imdb.com/title/tt8068912/?ref_=ttep_ep16","29","16","633","King Leer","2018-04-15","63","754"
"https://www.imdb.com/title/tt7343990/?ref_=ttep_ep17","29","17","634","Lisa Gets the Blues","2018-04-22","67","835"
"https://www.imdb.com/title/tt8068902/?ref_=ttep_ep18","29","18","635","Forgive and Regret","2018-04-29","70","842"
"https://www.imdb.com/title/tt8259930/?ref_=ttep_ep19","29","19","636","Left Behind","2018-05-06","66","780"
"https://www.imdb.com/title/tt8259932/?ref_=ttep_ep20","29","20","637","Throw Grampa from the Dane","2018-05-13","67","853"
"https://www.imdb.com/title/tt8292612/?ref_=ttep_ep21","29","21","638","Flanders' Ladder","2018-05-20","76","1200"
"https://www.imdb.com/title/tt6225298/?ref_=ttep_ep1","30","1","639","Bart's Not Dead","2018-09-30","63","1100"
"https://www.imdb.com/title/tt8340874/?ref_=ttep_ep2","30","2","640","Heartbreak Hotel","2018-10-07","61","974"
"https://www.imdb.com/title/tt8340876/?ref_=ttep_ep3","30","3","641","My Way or the Highway to Heaven","2018-10-14","62","934"
"https://www.imdb.com/title/tt7636822/?ref_=ttep_ep4","30","4","642","Treehouse of Horror XXIX","2018-10-21","60","1100"
"https://www.imdb.com/title/tt8340884/?ref_=ttep_ep5","30","5","643","Baby You Can't Drive My Car","2018-11-04","70","887"
"https://www.imdb.com/title/tt8340890/?ref_=ttep_ep6","30","6","644","From Russia Without Love","2018-11-11","65","830"
"https://www.imdb.com/title/tt7702262/?ref_=ttep_ep7","30","7","645","Werking Mom","2018-11-18","58","983"
"https://www.imdb.com/title/tt8340896/?ref_=ttep_ep8","30","8","646","Krusty the Clown","2018-11-25","64","802"
"https://www.imdb.com/title/tt8340898/?ref_=ttep_ep9","30","9","647","Daddicus Finch","2018-12-02","68","806"
"https://www.imdb.com/title/tt8730968/?ref_=ttep_ep10","30","10","648","'Tis the 30th Season","2018-12-09","67","809"
"https://www.imdb.com/title/tt8730984/?ref_=ttep_ep11","30","11","649","Mad About the Toy","2019-01-06","59","941"
"https://www.imdb.com/title/tt8730994/?ref_=ttep_ep12","30","12","650","The Girl on the Bus","2019-01-13","65","832"
"https://www.imdb.com/title/tt8733696/?ref_=ttep_ep13","30","13","651","I'm Dancing as Fat as I Can","2019-02-10","68","817"
"https://www.imdb.com/title/tt8733692/?ref_=ttep_ep14","30","14","652","The Clown Stays in the Picture","2019-02-17","62","756"
"https://www.imdb.com/title/tt8845304/?ref_=ttep_ep15","30","15","653","101 Mitigations","2019-03-03","64","714"
"https://www.imdb.com/title/tt8733700/?ref_=ttep_ep16","30","16","654","I Want You (She's So Heavy)","2019-03-10","58","725"
"https://www.imdb.com/title/tt8733702/?ref_=ttep_ep17","30","17","655","E My Sports","2019-03-17","64","798"
"https://www.imdb.com/title/tt8733706/?ref_=ttep_ep18","30","18","656","Bart vs. Itchy & Scratchy","2019-03-24","50","1500"
"https://www.imdb.com/title/tt8733708/?ref_=ttep_ep19","30","19","657","Girl's in the Band","2019-03-31","65","759"
"https://www.imdb.com/title/tt8733716/?ref_=ttep_ep20","30","20","658","I'm Just a Girl Who Can't Say D'oh","2019-04-07","56","772"
"https://www.imdb.com/title/tt10126678/?ref_=ttep_ep21","30","21","659","D'oh Canada","2019-04-28","58","907"
"https://www.imdb.com/title/tt10165342/?ref_=ttep_ep22","30","22","660","Woo-Hoo Dunnit?","2019-05-05","62","761"
"https://www.imdb.com/title/tt10198852/?ref_=ttep_ep23","30","23","661","Crystal Blue-Haired Persuasion","2019-05-12","61","732"
"https://www.imdb.com/title/tt10933664/?ref_=ttep_ep1","31","1","662","The Winter of Our Monetized Content","2019-09-29","59","1000"
"https://www.imdb.com/title/tt8340902/?ref_=ttep_ep2","31","2","663","Go Big or Go Homer","2019-10-06","59","931"
"https://www.imdb.com/title/tt10750102/?ref_=ttep_ep3","31","3","664","The Fat Blue Line","2019-10-13","65","840"
"https://www.imdb.com/title/tt10750104/?ref_=ttep_ep4","31","4","665","Treehouse of Horror XXX","2019-10-20","68","1100"
"https://www.imdb.com/title/tt10773704/?ref_=ttep_ep5","31","5","666","Gorillas on the Mast","2019-11-03","62","773"
"https://www.imdb.com/title/tt10773960/?ref_=ttep_ep6","31","6","667","Marge the Lumberjill","2019-11-10","56","878"
"https://www.imdb.com/title/tt10773962/?ref_=ttep_ep7","31","7","668","Livin la Pura Vida","2019-11-17","65","835"
"https://www.imdb.com/title/tt11199326/?ref_=ttep_ep8","31","8","669","Thanksgiving of Horror","2019-11-24","73","1100"
"https://www.imdb.com/title/tt11254392/?ref_=ttep_ep9","31","9","670","Todd, Todd, Why Hast Thou Forsaken Me?","2019-12-01","65","923"
"https://www.imdb.com/title/tt11312740/?ref_=ttep_ep10","31","10","671","Bobby, It's Cold Outside","2019-12-15","65","755"
"https://www.imdb.com/title/tt11312750/?ref_=ttep_ep11","31","11","672","Hail to the Teeth","2020-01-05","60","681"
"https://www.imdb.com/title/tt11312752/?ref_=ttep_ep12","31","12","673","The Miseducation of Lisa Simpson","2020-02-16","65","693"
"https://www.imdb.com/title/tt11168734/?ref_=ttep_ep13","31","13","674","Frinkcoin","2020-02-23","59","666"
"https://www.imdb.com/title/tt11312808/?ref_=ttep_ep14","31","14","675","Bart the Bad Guy","2020-03-01","72","899"
"https://www.imdb.com/title/tt11755328/?ref_=ttep_ep15","31","15","676","Screenless","2020-03-08","65","676"
"https://www.imdb.com/title/tt11755350/?ref_=ttep_ep16","31","16","677","Better Off Ned","2020-03-15","64","652"
"https://www.imdb.com/title/tt11755338/?ref_=ttep_ep17","31","17","678","Highway to Well","2020-03-22","69","718"
"https://www.imdb.com/title/tt11873248/?ref_=ttep_ep18","31","18","679","The Incredible Lightness of Being a Baby","2020-04-19","63","634"
"https://www.imdb.com/title/tt11969864/?ref_=ttep_ep19","31","19","680","Warrin' Priests","2020-04-26","61","742"
"https://www.imdb.com/title/tt11969902/?ref_=ttep_ep20","31","20","681","Warrin' Priests Part 2","2020-05-03","58","709"
"https://www.imdb.com/title/tt11969914/?ref_=ttep_ep21","31","21","682","The Hateful Eight-Year-Olds","2020-05-10","65","705"
"https://www.imdb.com/title/tt11969980/?ref_=ttep_ep22","31","22","683","The Way of the Dog","2020-05-17","74","860"
"https://www.imdb.com/title/tt9761050/?ref_=ttep_ep1","32","1","684","Undercover Burns","2020-09-27","65","935"
"https://www.imdb.com/title/tt13056344/?ref_=ttep_ep2","32","2","685","I, Carumbus","2020-10-04","68","896"
"https://www.imdb.com/title/tt13056352/?ref_=ttep_ep3","32","3","686","Now Museum, Now You Don't","2020-10-11","58","800"
"https://www.imdb.com/title/tt13056368/?ref_=ttep_ep4","32","4","687","Treehouse of Horror XXXI","2021-10-18","63","1100"
"https://www.imdb.com/title/tt13056376/?ref_=ttep_ep5","32","5","688","The 7 Beer Itch","2020-11-08","57","806"
"https://www.imdb.com/title/tt13326652/?ref_=ttep_ep6","32","6","689","Podcast News","2020-11-15","67","742"
"https://www.imdb.com/title/tt13326676/?ref_=ttep_ep7","32","7","690","Three Dreams Denied","2020-11-22","63","689"
"https://www.imdb.com/title/tt13056380/?ref_=ttep_ep8","32","8","691","The Road to Cincinnati","2020-11-29","66","815"
"https://www.imdb.com/title/tt13394870/?ref_=ttep_ep9","32","9","692","Sorry Not Sorry","2020-12-06","63","702"
"https://www.imdb.com/title/tt13394880/?ref_=ttep_ep10","32","10","693","A Springfield Summer Christmas for Christmas","2020-12-13","63","782"
"https://www.imdb.com/title/tt13522384/?ref_=ttep_ep11","32","11","694","The Dad-Feelings Limited","2021-01-03","71","892"
"https://www.imdb.com/title/tt13622638/?ref_=ttep_ep12","32","12","695","Diary Queen","2021-02-21","68","765"
"https://www.imdb.com/title/tt13653422/?ref_=ttep_ep13","32","13","696","Wad Goals","2021-02-28","63","655"
"https://www.imdb.com/title/tt13671518/?ref_=ttep_ep14","32","14","697","Yokel Hero","2021-03-07","56","613"
"https://www.imdb.com/title/tt13671526/?ref_=ttep_ep15","32","15","698","Do Pizza Bots Dream of Electric Guitars","2021-03-14","59","640"
"https://www.imdb.com/title/tt13800512/?ref_=ttep_ep16","32","16","699","Manger Things","2021-03-21","64","613"
"https://www.imdb.com/title/tt13977674/?ref_=ttep_ep17","32","17","700","Uncut Femmes","2021-03-28","65","638"
"https://www.imdb.com/title/tt13977692/?ref_=ttep_ep18","32","18","701","Burger Kings","2021-04-11","66","590"
"https://www.imdb.com/title/tt13977716/?ref_=ttep_ep19","32","19","702","Panic on the Streets of Springfield","2021-04-18","63","737"
"https://www.imdb.com/title/tt14056918/?ref_=ttep_ep20","32","20","703","Mother and Child Reunion","2021-05-09","68","580"
"https://www.imdb.com/title/tt14056916/?ref_=ttep_ep21","32","21","704","The Man from G.R.A.M.P.A.","2021-05-16","63","530"
"https://www.imdb.com/title/tt14016204/?ref_=ttep_ep22","32","22","705","The Last Barfighter","2021-05-23","74","681"
"https://www.imdb.com/title/tt14167092/?ref_=ttep_ep1","33","1","706","The Star of the Backstage","2021-09-26","44","1200"
"https://www.imdb.com/title/tt14437466/?ref_=ttep_ep2","33","2","707","Bart's in Jail!","2021-10-03","70","751"
"https://www.imdb.com/title/tt14457876/?ref_=ttep_ep3","33","3","708","Treehouse of Horror XXXII","2021-10-10","67","800"
"https://www.imdb.com/title/tt14457882/?ref_=ttep_ep4","33","4","709","The Wayz We Were","2021-10-17","68","633"
"https://www.imdb.com/title/tt14457894/?ref_=ttep_ep5","33","5","710","Lisa's Belly","2021-10-24","68","705"
"https://www.imdb.com/title/tt14457906/?ref_=ttep_ep6","33","6","711","A Serious Flanders","2021-11-07","82","1100"
"https://www.imdb.com/title/tt14457916/?ref_=ttep_ep7","33","7","712","A Serious Flanders: Part 2","2021-11-14","82","914"
"https://www.imdb.com/title/tt14457928/?ref_=ttep_ep8","33","8","713","Portrait of a Lackey on Fire","2021-11-21","62","651"
"https://www.imdb.com/title/tt14457932/?ref_=ttep_ep9","33","9","714","Mothers and Other Strangers","2021-11-28","63","523"
"https://www.imdb.com/title/tt14457938/?ref_=ttep_ep10","33","10","715","A Made Maggie","2021-12-19","69","509"
"https://www.imdb.com/title/tt14457944/?ref_=ttep_ep11","33","11","716","The Longest Marge","2022-01-02","58","491"
"https://www.imdb.com/title/tt14457958/?ref_=ttep_ep12","33","12","717","Pixelated and Afraid","2022-02-27","77","703"
"https://www.imdb.com/title/tt14457978/?ref_=ttep_ep13","33","13","718","Boyz N the Highlands","2022-03-06","67","507"
"https://www.imdb.com/title/tt14457992/?ref_=ttep_ep14","33","14","719","You Won't Believe What This Episode Is About - Act Three Will Shock You!","2022-03-13","65","494"
"https://www.imdb.com/title/tt14458006/?ref_=ttep_ep15","33","15","720","Bart the Cool Kid","2022-03-20","64","473"
"https://www.imdb.com/title/tt14458018/?ref_=ttep_ep16","33","16","721","Pretty Whittle Liar","2022-03-27","62","428"
"https://www.imdb.com/title/tt14458034/?ref_=ttep_ep17","33","17","722","The Sound of Bleeding Gums","2022-04-10","59","480"
"https://www.imdb.com/title/tt14458056/?ref_=ttep_ep18","33","18","723","My Octopus and a Teacher","2022-04-24","65","449"
"https://www.imdb.com/title/tt14458070/?ref_=ttep_ep19","33","19","724","Girls Just Shauna Have Fun","2022-05-01","67","432"
"https://www.imdb.com/title/tt14458078/?ref_=ttep_ep20","33","20","725","Marge the Meanie","2022-05-08","67","408"
"https://www.imdb.com/title/tt14458098/?ref_=ttep_ep21","33","21","726","Meat Is Murder","2022-05-15","60","451"
"https://www.imdb.com/title/tt14458122/?ref_=ttep_ep22","33","22","727","Poorhouse Rock","2022-05-22","58","691"
"https://www.imdb.com/title/tt14167110/?ref_=ttep_ep1","34","1","728","Habeas Tortoise","2022-09-25","65","464"
"https://www.imdb.com/title/tt14474236/?ref_=ttep_ep2","34","2","729","One Angry Lisa","2022-10-02","63","366"
"https://www.imdb.com/title/tt14476078/?ref_=ttep_ep3","34","3","730","Lisa the Boy Scout","2022-10-09","66","502"
"https://www.imdb.com/title/tt14476092/?ref_=ttep_ep4","34","4","731","The King of Nice","2022-10-16","65","332"
"https://www.imdb.com/title/tt22464956/?ref_=ttep_ep5","34","5","732","Not It","2022-10-23","75","541"
"https://www.imdb.com/title/tt22465048/?ref_=ttep_ep6","34","6","733","Treehouse of Horror XXXIII","2022-10-30","83","788"
"https://www.imdb.com/title/tt22689218/?ref_=ttep_ep7","34","7","734","From Beer to Paternity","2022-11-13","64","284"
"https://www.imdb.com/title/tt23055010/?ref_=ttep_ep8","34","8","735","Step Brother from the Same Planet","2022-11-20","64","247"
"https://www.imdb.com/title/tt23649524/?ref_=ttep_ep9","34","9","736","When Nelson Met Lisa","2022-11-27","58","268"
"https://www.imdb.com/title/tt23693090/?ref_=ttep_ep10","34","10","737","Game Done Changed","2022-12-04","65","219"
"https://www.imdb.com/title/tt23708636/?ref_=ttep_ep11","34","11","738","Top Goon","2022-12-11","67","190"
"https://www.imdb.com/title/tt24176456/?ref_=ttep_ep12","34","12","739","My Life as a Vlog","2023-01-01","0","0"
